제품코드,노인주의_약품상세정보
645306620.0,"다른 항정신병약과 같이 이 약을 장기간 투여 후 지연성운동이상 일으킬 위험이 있음. 지연성운동이상증의 발생률은 고령자, 특히 여성 고령자에서 높은 것으로 보임. 비정형성 항정신병 약제들을 메타 분석한 결과, 치매 관련 정신병을 가진 노인 환자에서 위약보다 사망 위험성 증가."
651904730.0,"다른 항정신병약과 같이 이 약을 장기간 투여 후 지연성운동이상 일으킬 위험이 있음. 지연성운동이상증의 발생률은 고령자, 특히 여성 고령자에서 높은 것으로 보임. 비정형성 항정신병 약제들을 메타 분석한 결과, 치매 관련 정신병을 가진 노인 환자에서 위약보다 사망 위험성 증가."
657203130.0,"다른 항정신병약과 같이 이 약을 장기간 투여 후 지연성운동이상 일으킬 위험이 있음. 지연성운동이상증의 발생률은 고령자, 특히 여성 고령자에서 높은 것으로 보임. 비정형성 항정신병 약제들을 메타 분석한 결과, 치매 관련 정신병을 가진 노인 환자에서 위약보다 사망 위험성 증가."
642404830.0,"다른 항정신병약과 같이 이 약을 장기간 투여 후 지연성운동이상 일으킬 위험이 있음. 지연성운동이상증의 발생률은 고령자, 특히 여성 고령자에서 높은 것으로 보임. 비정형성 항정신병 약제들을 메타 분석한 결과, 치매 관련 정신병을 가진 노인 환자에서 위약보다 사망 위험성 증가."
647800761.0,"노인에서의 장기지속형 벤조다이아제핀 사용은 인지기능 저하, 섬망, 낙상, 골절 및 교통사고의 위험으로 사용을 추천하지 않으며, 단시간 작용 벤조다이아제핀 사용을 추천함"
671800311.0,"노인에서의 장기지속형 벤조다이아제핀 사용은 인지기능 저하, 섬망, 낙상, 골절 및 교통사고의 위험으로 사용을 추천하지 않으며, 단시간 작용 벤조다이아제핀 사용을 추천함"
651901021.0,"노인에서의 정형 항정신병약물 사용은 추체외로 증상, 항콜린성 부작용 등이 나타나기 쉬우므로 사용을 추천하지 않으며, 비정형 항정신병약물 사용을 추천함"
657200921.0,"노인에서의 정형 항정신병약물 사용은 추체외로 증상, 항콜린성 부작용 등이 나타나기 쉬우므로 사용을 추천하지 않으며, 비정형 항정신병약물 사용을 추천함"
646900911.0,"노인에서의 정형 항정신병약물 사용은 추체외로 증상, 항콜린성 부작용 등이 나타나기 쉬우므로 사용을 추천하지 않으며, 비정형 항정신병약물 사용을 추천함"
653005970.0,"치매 고령환자에게 비정형 항정신병약물 투여시 뇌혈관 질환, 사망의 위험 증가, 고령자에 투여시 추체외로 증상과 같은 이상반응이 나타나기 쉬움"
657203450.0,"치매 고령환자에게 비정형 항정신병약물 투여시 뇌혈관 질환, 사망의 위험 증가, 고령자에 투여시 추체외로 증상과 같은 이상반응이 나타나기 쉬움"
642203910.0,"치매 고령환자에게 비정형 항정신병약물 투여시 뇌혈관 질환, 사망의 위험 증가, 고령자에 투여시 추체외로 증상과 같은 이상반응이 나타나기 쉬움"
651904410.0,"항정신병약으로 치료받는 환자에서 잠재적으로 비가역적, 비자발적인, 이상운동 증후군이 발생할 수 있으며, 이 증후군은 고령자, 특히 여성 고령자에서 가장 많이 발생함. 비정형 정신병치료제를 복용하는 치매성 노인 정신질환 환자의 사망 위험성은 위약과 비교 시 증가. 이 약을 투여한 환자(평균연령:84세, 범위:78~88세)에서 사망례를 포함한 뇌혈관계 이상반응(예:뇌졸중, 일과성허혈발작)의 증가."
657202820.0,"항정신병약으로 치료받는 환자에서 잠재적으로 비가역적, 비자발적인, 이상운동 증후군이 발생할 수 있으며, 이 증후군은 고령자, 특히 여성 고령자에서 가장 많이 발생함. 비정형 정신병치료제를 복용하는 치매성 노인 정신질환 환자의 사망 위험성은 위약과 비교 시 증가. 이 약을 투여한 환자(평균연령:84세, 범위:78~88세)에서 사망례를 포함한 뇌혈관계 이상반응(예:뇌졸중, 일과성허혈발작)의 증가."
51700030.0,항콜린성 작용이 있는 약제와의 병용으로 인해 항콜린 부작용이 증가하므로 동시 사용을 추천하지 않음
51700040.0,항콜린성 작용이 있는 약제와의 병용으로 인해 항콜린 부작용이 증가하므로 동시 사용을 추천하지 않음
657203320.0,"다른 항정신병약과 같이 이 약을 장기간 투여 후 지연성운동이상 일으킬 위험이 있음. 지연성운동이상증의 발생률은 고령자, 특히 여성 고령자에서 높은 것으로 보임. 비정형성 항정신병 약제들을 메타 분석한 결과, 치매 관련 정신병을 가진 노인 환자에서 위약보다 사망 위험성 증가."
651904380.0,"다른 항정신병약과 같이 이 약을 장기간 투여 후 지연성운동이상 일으킬 위험이 있음. 지연성운동이상증의 발생률은 고령자, 특히 여성 고령자에서 높은 것으로 보임. 비정형성 항정신병 약제들을 메타 분석한 결과, 치매 관련 정신병을 가진 노인 환자에서 위약보다 사망 위험성 증가."
642404840.0,"다른 항정신병약과 같이 이 약을 장기간 투여 후 지연성운동이상 일으킬 위험이 있음. 지연성운동이상증의 발생률은 고령자, 특히 여성 고령자에서 높은 것으로 보임. 비정형성 항정신병 약제들을 메타 분석한 결과, 치매 관련 정신병을 가진 노인 환자에서 위약보다 사망 위험성 증가."
652100530.0,"노인에서의 장기지속형 벤조다이아제핀 사용은 인지기능 저하, 섬망, 낙상, 골절 및 교통사고의 위험으로 사용을 추천하지 않으며, 단시간 작용 벤조다이아제핀 사용을 추천함"
668901560.0,항콜린성 작용이 있는 약제와의 병용으로 인해 항콜린 부작용이 증가하므로 동시 사용을 추천하지 않음
643308800.0,"노인에서의 장기지속형 벤조다이아제핀 사용은 인지기능 저하, 섬망, 낙상, 골절 및 교통사고의 위험으로 사용을 추천하지 않으며, 단시간 작용 벤조다이아제핀 사용을 추천함"
657202690.0,"노인에서의 장기지속형 벤조다이아제핀 사용은 인지기능 저하, 섬망, 낙상, 골절 및 교통사고의 위험으로 사용을 추천하지 않으며, 단시간 작용 벤조다이아제핀 사용을 추천함"
642000520.0,"노인에서의 장기지속형 벤조다이아제핀 사용은 인지기능 저하, 섬망, 낙상, 골절 및 교통사고의 위험으로 사용을 추천하지 않으며, 단시간 작용 벤조다이아제핀 사용을 추천함"
648901330.0,항콜린성 작용이 있는 약제와의 병용으로 인해 항콜린 부작용이 증가하므로 동시 사용을 추천하지 않음
651900330.0,"노인에서의 장기지속형 벤조다이아제핀 사용은 인지기능 저하, 섬망, 낙상, 골절 및 교통사고의 위험으로 사용을 추천하지 않으며, 단시간 작용 벤조다이아제핀 사용을 추천함"
657200130.0,"노인에서의 장기지속형 벤조다이아제핀 사용은 인지기능 저하, 섬망, 낙상, 골절 및 교통사고의 위험으로 사용을 추천하지 않으며, 단시간 작용 벤조다이아제핀 사용을 추천함"
642707370.0,"항정신병약으로 치료받는 환자에서 잠재적으로 비가역적, 비자발적인, 이상운동 증후군이 발생할 수 있으며, 이 증후군은 고령자, 특히 여성 고령자에서 가장 많이 발생함. 비정형 정신병치료제를 복용하는 치매성 노인 정신질환 환자의 사망 위험성은 위약과 비교 시 증가. 이 약을 투여한 환자(평균연령:84세, 범위:78~88세)에서 사망례를 포함한 뇌혈관계 이상반응(예:뇌졸중, 일과성허혈발작)의 증가."
642002720.0,"항정신병약으로 치료받는 환자에서 잠재적으로 비가역적, 비자발적인, 이상운동 증후군이 발생할 수 있으며, 이 증후군은 고령자, 특히 여성 고령자에서 가장 많이 발생함. 비정형 정신병치료제를 복용하는 치매성 노인 정신질환 환자의 사망 위험성은 위약과 비교 시 증가. 이 약을 투여한 환자(평균연령:84세, 범위:78~88세)에서 사망례를 포함한 뇌혈관계 이상반응(예:뇌졸중, 일과성허혈발작)의 증가."
649900110.0,"항정신병약으로 치료받는 환자에서 잠재적으로 비가역적, 비자발적인, 이상운동 증후군이 발생할 수 있으며, 이 증후군은 고령자, 특히 여성 고령자에서 가장 많이 발생함. 비정형 정신병치료제를 복용하는 치매성 노인 정신질환 환자의 사망 위험성은 위약과 비교 시 증가. 이 약을 투여한 환자(평균연령:84세, 범위:78~88세)에서 사망례를 포함한 뇌혈관계 이상반응(예:뇌졸중, 일과성허혈발작)의 증가."
657807350.0,"항정신병약으로 치료받는 환자에서 잠재적으로 비가역적, 비자발적인, 이상운동 증후군이 발생할 수 있으며, 이 증후군은 고령자, 특히 여성 고령자에서 가장 많이 발생함. 비정형 정신병치료제를 복용하는 치매성 노인 정신질환 환자의 사망 위험성은 위약과 비교 시 증가. 이 약을 투여한 환자(평균연령:84세, 범위:78~88세)에서 사망례를 포함한 뇌혈관계 이상반응(예:뇌졸중, 일과성허혈발작)의 증가."
671706750.0,"항정신병약으로 치료받는 환자에서 잠재적으로 비가역적, 비자발적인, 이상운동 증후군이 발생할 수 있으며, 이 증후군은 고령자, 특히 여성 고령자에서 가장 많이 발생함. 비정형 정신병치료제를 복용하는 치매성 노인 정신질환 환자의 사망 위험성은 위약과 비교 시 증가. 이 약을 투여한 환자(평균연령:84세, 범위:78~88세)에서 사망례를 포함한 뇌혈관계 이상반응(예:뇌졸중, 일과성허혈발작)의 증가."
645305420.0,"항정신병약으로 치료받는 환자에서 잠재적으로 비가역적, 비자발적인, 이상운동 증후군이 발생할 수 있으며, 이 증후군은 고령자, 특히 여성 고령자에서 가장 많이 발생함. 비정형 정신병치료제를 복용하는 치매성 노인 정신질환 환자의 사망 위험성은 위약과 비교 시 증가. 이 약을 투여한 환자(평균연령:84세, 범위:78~88세)에서 사망례를 포함한 뇌혈관계 이상반응(예:뇌졸중, 일과성허혈발작)의 증가."
657202400.0,"항정신병약으로 치료받는 환자에서 잠재적으로 비가역적, 비자발적인, 이상운동 증후군이 발생할 수 있으며, 이 증후군은 고령자, 특히 여성 고령자에서 가장 많이 발생함. 비정형 정신병치료제를 복용하는 치매성 노인 정신질환 환자의 사망 위험성은 위약과 비교 시 증가. 이 약을 투여한 환자(평균연령:84세, 범위:78~88세)에서 사망례를 포함한 뇌혈관계 이상반응(예:뇌졸중, 일과성허혈발작)의 증가."
651903570.0,"항정신병약으로 치료받는 환자에서 잠재적으로 비가역적, 비자발적인, 이상운동 증후군이 발생할 수 있으며, 이 증후군은 고령자, 특히 여성 고령자에서 가장 많이 발생함. 비정형 정신병치료제를 복용하는 치매성 노인 정신질환 환자의 사망 위험성은 위약과 비교 시 증가. 이 약을 투여한 환자(평균연령:84세, 범위:78~88세)에서 사망례를 포함한 뇌혈관계 이상반응(예:뇌졸중, 일과성허혈발작)의 증가."
642404240.0,"항정신병약으로 치료받는 환자에서 잠재적으로 비가역적, 비자발적인, 이상운동 증후군이 발생할 수 있으며, 이 증후군은 고령자, 특히 여성 고령자에서 가장 많이 발생함. 비정형 정신병치료제를 복용하는 치매성 노인 정신질환 환자의 사망 위험성은 위약과 비교 시 증가. 이 약을 투여한 환자(평균연령:84세, 범위:78~88세)에서 사망례를 포함한 뇌혈관계 이상반응(예:뇌졸중, 일과성허혈발작)의 증가."
653005450.0,"항정신병약으로 치료받는 환자에서 잠재적으로 비가역적, 비자발적인, 이상운동 증후군이 발생할 수 있으며, 이 증후군은 고령자, 특히 여성 고령자에서 가장 많이 발생함. 비정형 정신병치료제를 복용하는 치매성 노인 정신질환 환자의 사망 위험성은 위약과 비교 시 증가. 이 약을 투여한 환자(평균연령:84세, 범위:78~88세)에서 사망례를 포함한 뇌혈관계 이상반응(예:뇌졸중, 일과성허혈발작)의 증가."
641607390.0,"항정신병약으로 치료받는 환자에서 잠재적으로 비가역적, 비자발적인, 이상운동 증후군이 발생할 수 있으며, 이 증후군은 고령자, 특히 여성 고령자에서 가장 많이 발생함. 비정형 정신병치료제를 복용하는 치매성 노인 정신질환 환자의 사망 위험성은 위약과 비교 시 증가. 이 약을 투여한 환자(평균연령:84세, 범위:78~88세)에서 사망례를 포함한 뇌혈관계 이상반응(예:뇌졸중, 일과성허혈발작)의 증가."
642700300.0,항콜린성 작용이 있는 약제와의 병용으로 인해 항콜린 부작용이 증가하므로 동시 사용을 추천하지 않음
698004540.0,"비정형 항정신병약을 투여받은 노인 치매 환자의 사망률이 위약에 비해 증가. 노인 치매 환자에 대한 위약 대조 시험에서 사망을 포함한 뇌혈관 약물이상반응(뇌졸중, 일과성 허혈발작 등)이 높은 빈도로 나타남."
645305660.0,"비정형 항정신병약을 투여받은 노인 치매 환자의 사망률이 위약에 비해 증가. 노인 치매 환자에 대한 위약 대조 시험에서 사망을 포함한 뇌혈관 약물이상반응(뇌졸중, 일과성 허혈발작 등)이 높은 빈도로 나타남."
651900400.0,"비정형 항정신병약을 투여받은 노인 치매 환자의 사망률이 위약에 비해 증가. 노인 치매 환자에 대한 위약 대조 시험에서 사망을 포함한 뇌혈관 약물이상반응(뇌졸중, 일과성 허혈발작 등)이 높은 빈도로 나타남."
627600040.0,"비정형 항정신병약을 투여받은 노인 치매 환자의 사망률이 위약에 비해 증가. 노인 치매 환자에 대한 위약 대조 시험에서 사망을 포함한 뇌혈관 약물이상반응(뇌졸중, 일과성 허혈발작 등)이 높은 빈도로 나타남."
657200250.0,"비정형 항정신병약을 투여받은 노인 치매 환자의 사망률이 위약에 비해 증가. 노인 치매 환자에 대한 위약 대조 시험에서 사망을 포함한 뇌혈관 약물이상반응(뇌졸중, 일과성 허혈발작 등)이 높은 빈도로 나타남."
653004990.0,"비정형 항정신병약을 투여받은 노인 치매 환자의 사망률이 위약에 비해 증가. 노인 치매 환자에 대한 위약 대조 시험에서 사망을 포함한 뇌혈관 약물이상반응(뇌졸중, 일과성 허혈발작 등)이 높은 빈도로 나타남."
646902460.0,"비정형 항정신병약을 투여받은 노인 치매 환자의 사망률이 위약에 비해 증가. 노인 치매 환자에 대한 위약 대조 시험에서 사망을 포함한 뇌혈관 약물이상반응(뇌졸중, 일과성 허혈발작 등)이 높은 빈도로 나타남."
653404580.0,"비정형 항정신병약을 투여받은 노인 치매 환자의 사망률이 위약에 비해 증가. 노인 치매 환자에 대한 위약 대조 시험에서 사망을 포함한 뇌혈관 약물이상반응(뇌졸중, 일과성 허혈발작 등)이 높은 빈도로 나타남."
642405060.0,"치매와 연관된 정신병과/또는 행동장애를 가진 노인 환자를 대상으로 한 위약 대조 임상시험 결과, 사망률과 뇌혈관 장애의 위험성 증가. 동일한 임상시험들에서 사망례를 포함한 뇌혈관 이상반응(예. 뇌졸중, 일시적인 허혈성 발작)이 보고됨. 항정신병약물을 장기간 사용하였을 때 지연운동이상증의 위험성은 증가하였으며 이러한 증후군의 발생율은 여성 고령자에게서 가장 높음."
626900640.0,"치매와 연관된 정신병과/또는 행동장애를 가진 노인 환자를 대상으로 한 위약 대조 임상시험 결과, 사망률과 뇌혈관 장애의 위험성 증가. 동일한 임상시험들에서 사망례를 포함한 뇌혈관 이상반응(예. 뇌졸중, 일시적인 허혈성 발작)이 보고됨. 항정신병약물을 장기간 사용하였을 때 지연운동이상증의 위험성은 증가하였으며 이러한 증후군의 발생율은 여성 고령자에게서 가장 높음."
645304970.0,"치매와 연관된 정신병과/또는 행동장애를 가진 노인 환자를 대상으로 한 위약 대조 임상시험 결과, 사망률과 뇌혈관 장애의 위험성 증가. 동일한 임상시험들에서 사망례를 포함한 뇌혈관 이상반응(예. 뇌졸중, 일시적인 허혈성 발작)이 보고됨. 항정신병약물을 장기간 사용하였을 때 지연운동이상증의 위험성은 증가하였으며 이러한 증후군의 발생율은 여성 고령자에게서 가장 높음."
642002520.0,"치매와 연관된 정신병과/또는 행동장애를 가진 노인 환자를 대상으로 한 위약 대조 임상시험 결과, 사망률과 뇌혈관 장애의 위험성 증가. 동일한 임상시험들에서 사망례를 포함한 뇌혈관 이상반응(예. 뇌졸중, 일시적인 허혈성 발작)이 보고됨. 항정신병약물을 장기간 사용하였을 때 지연운동이상증의 위험성은 증가하였으며 이러한 증후군의 발생율은 여성 고령자에게서 가장 높음."
668100690.0,"치매와 연관된 정신병과/또는 행동장애를 가진 노인 환자를 대상으로 한 위약 대조 임상시험 결과, 사망률과 뇌혈관 장애의 위험성 증가. 동일한 임상시험들에서 사망례를 포함한 뇌혈관 이상반응(예. 뇌졸중, 일시적인 허혈성 발작)이 보고됨. 항정신병약물을 장기간 사용하였을 때 지연운동이상증의 위험성은 증가하였으며 이러한 증후군의 발생율은 여성 고령자에게서 가장 높음."
651903280.0,"치매와 연관된 정신병과/또는 행동장애를 가진 노인 환자를 대상으로 한 위약 대조 임상시험 결과, 사망률과 뇌혈관 장애의 위험성 증가. 동일한 임상시험들에서 사망례를 포함한 뇌혈관 이상반응(예. 뇌졸중, 일시적인 허혈성 발작)이 보고됨. 항정신병약물을 장기간 사용하였을 때 지연운동이상증의 위험성은 증가하였으며 이러한 증후군의 발생율은 여성 고령자에게서 가장 높음."
642705690.0,"치매와 연관된 정신병과/또는 행동장애를 가진 노인 환자를 대상으로 한 위약 대조 임상시험 결과, 사망률과 뇌혈관 장애의 위험성 증가. 동일한 임상시험들에서 사망례를 포함한 뇌혈관 이상반응(예. 뇌졸중, 일시적인 허혈성 발작)이 보고됨. 항정신병약물을 장기간 사용하였을 때 지연운동이상증의 위험성은 증가하였으며 이러한 증후군의 발생율은 여성 고령자에게서 가장 높음."
653005550.0,"치매와 연관된 정신병과/또는 행동장애를 가진 노인 환자를 대상으로 한 위약 대조 임상시험 결과, 사망률과 뇌혈관 장애의 위험성 증가. 동일한 임상시험들에서 사망례를 포함한 뇌혈관 이상반응(예. 뇌졸중, 일시적인 허혈성 발작)이 보고됨. 항정신병약물을 장기간 사용하였을 때 지연운동이상증의 위험성은 증가하였으며 이러한 증후군의 발생율은 여성 고령자에게서 가장 높음."
657202160.0,"치매와 연관된 정신병과/또는 행동장애를 가진 노인 환자를 대상으로 한 위약 대조 임상시험 결과, 사망률과 뇌혈관 장애의 위험성 증가. 동일한 임상시험들에서 사망례를 포함한 뇌혈관 이상반응(예. 뇌졸중, 일시적인 허혈성 발작)이 보고됨. 항정신병약물을 장기간 사용하였을 때 지연운동이상증의 위험성은 증가하였으며 이러한 증후군의 발생율은 여성 고령자에게서 가장 높음."
640005830.0,"치매와 연관된 정신병과/또는 행동장애를 가진 노인 환자를 대상으로 한 위약 대조 임상시험 결과, 사망률과 뇌혈관 장애의 위험성 증가. 동일한 임상시험들에서 사망례를 포함한 뇌혈관 이상반응(예. 뇌졸중, 일시적인 허혈성 발작)이 보고됨. 항정신병약물을 장기간 사용하였을 때 지연운동이상증의 위험성은 증가하였으며 이러한 증후군의 발생율은 여성 고령자에게서 가장 높음."
641907870.0,"치매와 연관된 정신병과/또는 행동장애를 가진 노인 환자를 대상으로 한 위약 대조 임상시험 결과, 사망률과 뇌혈관 장애의 위험성 증가. 동일한 임상시험들에서 사망례를 포함한 뇌혈관 이상반응(예. 뇌졸중, 일시적인 허혈성 발작)이 보고됨. 항정신병약물을 장기간 사용하였을 때 지연운동이상증의 위험성은 증가하였으며 이러한 증후군의 발생율은 여성 고령자에게서 가장 높음."
698003780.0,"치매와 연관된 정신병과/또는 행동장애를 가진 노인 환자를 대상으로 한 위약 대조 임상시험 결과, 사망률과 뇌혈관 장애의 위험성 증가. 동일한 임상시험들에서 사망례를 포함한 뇌혈관 이상반응(예. 뇌졸중, 일시적인 허혈성 발작)이 보고됨. 항정신병약물을 장기간 사용하였을 때 지연운동이상증의 위험성은 증가하였으며 이러한 증후군의 발생율은 여성 고령자에게서 가장 높음."
626900630.0,"치매와 연관된 정신병과/또는 행동장애를 가진 노인 환자를 대상으로 한 위약 대조 임상시험 결과, 사망률과 뇌혈관 장애의 위험성 증가. 동일한 임상시험들에서 사망례를 포함한 뇌혈관 이상반응(예. 뇌졸중, 일시적인 허혈성 발작)이 보고됨. 항정신병약물을 장기간 사용하였을 때 지연운동이상증의 위험성은 증가하였으며 이러한 증후군의 발생율은 여성 고령자에게서 가장 높음."
642705710.0,"치매와 연관된 정신병과/또는 행동장애를 가진 노인 환자를 대상으로 한 위약 대조 임상시험 결과, 사망률과 뇌혈관 장애의 위험성 증가. 동일한 임상시험들에서 사망례를 포함한 뇌혈관 이상반응(예. 뇌졸중, 일시적인 허혈성 발작)이 보고됨. 항정신병약물을 장기간 사용하였을 때 지연운동이상증의 위험성은 증가하였으며 이러한 증후군의 발생율은 여성 고령자에게서 가장 높음."
668100720.0,"치매와 연관된 정신병과/또는 행동장애를 가진 노인 환자를 대상으로 한 위약 대조 임상시험 결과, 사망률과 뇌혈관 장애의 위험성 증가. 동일한 임상시험들에서 사망례를 포함한 뇌혈관 이상반응(예. 뇌졸중, 일시적인 허혈성 발작)이 보고됨. 항정신병약물을 장기간 사용하였을 때 지연운동이상증의 위험성은 증가하였으며 이러한 증후군의 발생율은 여성 고령자에게서 가장 높음."
651903290.0,"치매와 연관된 정신병과/또는 행동장애를 가진 노인 환자를 대상으로 한 위약 대조 임상시험 결과, 사망률과 뇌혈관 장애의 위험성 증가. 동일한 임상시험들에서 사망례를 포함한 뇌혈관 이상반응(예. 뇌졸중, 일시적인 허혈성 발작)이 보고됨. 항정신병약물을 장기간 사용하였을 때 지연운동이상증의 위험성은 증가하였으며 이러한 증후군의 발생율은 여성 고령자에게서 가장 높음."
657202200.0,"치매와 연관된 정신병과/또는 행동장애를 가진 노인 환자를 대상으로 한 위약 대조 임상시험 결과, 사망률과 뇌혈관 장애의 위험성 증가. 동일한 임상시험들에서 사망례를 포함한 뇌혈관 이상반응(예. 뇌졸중, 일시적인 허혈성 발작)이 보고됨. 항정신병약물을 장기간 사용하였을 때 지연운동이상증의 위험성은 증가하였으며 이러한 증후군의 발생율은 여성 고령자에게서 가장 높음."
640005870.0,"치매와 연관된 정신병과/또는 행동장애를 가진 노인 환자를 대상으로 한 위약 대조 임상시험 결과, 사망률과 뇌혈관 장애의 위험성 증가. 동일한 임상시험들에서 사망례를 포함한 뇌혈관 이상반응(예. 뇌졸중, 일시적인 허혈성 발작)이 보고됨. 항정신병약물을 장기간 사용하였을 때 지연운동이상증의 위험성은 증가하였으며 이러한 증후군의 발생율은 여성 고령자에게서 가장 높음."
641907890.0,"치매와 연관된 정신병과/또는 행동장애를 가진 노인 환자를 대상으로 한 위약 대조 임상시험 결과, 사망률과 뇌혈관 장애의 위험성 증가. 동일한 임상시험들에서 사망례를 포함한 뇌혈관 이상반응(예. 뇌졸중, 일시적인 허혈성 발작)이 보고됨. 항정신병약물을 장기간 사용하였을 때 지연운동이상증의 위험성은 증가하였으며 이러한 증후군의 발생율은 여성 고령자에게서 가장 높음."
698003790.0,"치매와 연관된 정신병과/또는 행동장애를 가진 노인 환자를 대상으로 한 위약 대조 임상시험 결과, 사망률과 뇌혈관 장애의 위험성 증가. 동일한 임상시험들에서 사망례를 포함한 뇌혈관 이상반응(예. 뇌졸중, 일시적인 허혈성 발작)이 보고됨. 항정신병약물을 장기간 사용하였을 때 지연운동이상증의 위험성은 증가하였으며 이러한 증후군의 발생율은 여성 고령자에게서 가장 높음."
651900980.0,"노인에서의 정형 항정신병약물 사용은 추체외로 증상, 항콜린성 부작용 등이 나타나기 쉬우므로 사용을 추천하지 않으며, 비정형 항정신병약물 사용을 추천함"
657200900.0,"노인에서의 정형 항정신병약물 사용은 추체외로 증상, 항콜린성 부작용 등이 나타나기 쉬우므로 사용을 추천하지 않으며, 비정형 항정신병약물 사용을 추천함"
651901010.0,"노인에서의 정형 항정신병약물 사용은 추체외로 증상, 항콜린성 부작용 등이 나타나기 쉬우므로 사용을 추천하지 않으며, 비정형 항정신병약물 사용을 추천함"
657200890.0,"노인에서의 정형 항정신병약물 사용은 추체외로 증상, 항콜린성 부작용 등이 나타나기 쉬우므로 사용을 추천하지 않으며, 비정형 항정신병약물 사용을 추천함"
648901320.0,항콜린성 작용이 있는 약제와의 병용으로 인해 항콜린 부작용이 증가하므로 동시 사용을 추천하지 않음
651900530.0,"노인에서의 장기지속형 벤조다이아제핀 사용은 인지기능 저하, 섬망, 낙상, 골절 및 교통사고의 위험으로 사용을 추천하지 않으며, 단시간 작용 벤조다이아제핀 사용을 추천함"
671800270.0,"노인에서의 장기지속형 벤조다이아제핀 사용은 인지기능 저하, 섬망, 낙상, 골절 및 교통사고의 위험으로 사용을 추천하지 않으며, 단시간 작용 벤조다이아제핀 사용을 추천함"
647800740.0,"노인에서의 장기지속형 벤조다이아제핀 사용은 인지기능 저하, 섬망, 낙상, 골절 및 교통사고의 위험으로 사용을 추천하지 않으며, 단시간 작용 벤조다이아제핀 사용을 추천함"
651900920.0,"노인에서의 정형 항정신병약물 사용은 추체외로 증상, 항콜린성 부작용 등이 나타나기 쉬우므로 사용을 추천하지 않으며, 비정형 항정신병약물 사용을 추천함"
651900940.0,"노인에서의 정형 항정신병약물 사용은 추체외로 증상, 항콜린성 부작용 등이 나타나기 쉬우므로 사용을 추천하지 않으며, 비정형 항정신병약물 사용을 추천함"
641700560.0,"항콜린 부작용(인지기능 저하, 섬망 악화, 구갈, 배뇨곤란, 변비 등)이 나타나기 쉬우므로 노인에서의 사용을 추천하지 않음. 항콜린성 작용이 있는 약제와의 병용으로 인해 항콜린 부작용이 증가하므로 동시 사용을 추천하지 않음"
651900990.0,"노인에서의 정형 항정신병약물 사용은 추체외로 증상, 항콜린성 부작용 등이 나타나기 쉬우므로 사용을 추천하지 않으며, 비정형 항정신병약물 사용을 추천함"
657200910.0,"노인에서의 정형 항정신병약물 사용은 추체외로 증상, 항콜린성 부작용 등이 나타나기 쉬우므로 사용을 추천하지 않으며, 비정형 항정신병약물 사용을 추천함"
626900690.0,"치매와 연관된 정신병과/또는 행동장애를 가진 노인 환자를 대상으로 한 위약 대조 임상시험 결과, 사망률과 뇌혈관 장애의 위험성 증가. 동일한 임상시험들에서 사망례를 포함한 뇌혈관 이상반응(예. 뇌졸중, 일시적인 허혈성 발작)이 보고됨. 항정신병약물을 장기간 사용하였을 때 지연운동이상증의 위험성은 증가하였으며 이러한 증후군의 발생율은 여성 고령자에게서 가장 높음."
642000510.0,"노인에서의 장기지속형 벤조다이아제핀 사용은 인지기능 저하, 섬망, 낙상, 골절 및 교통사고의 위험으로 사용을 추천하지 않으며, 단시간 작용 벤조다이아제핀 사용을 추천함"
651900970.0,"노인에서의 정형 항정신병약물 사용은 추체외로 증상, 항콜린성 부작용 등이 나타나기 쉬우므로 사용을 추천하지 않으며, 비정형 항정신병약물 사용을 추천함"
657200870.0,"노인에서의 정형 항정신병약물 사용은 추체외로 증상, 항콜린성 부작용 등이 나타나기 쉬우므로 사용을 추천하지 않으며, 비정형 항정신병약물 사용을 추천함"
657200880.0,"노인에서의 정형 항정신병약물 사용은 추체외로 증상, 항콜린성 부작용 등이 나타나기 쉬우므로 사용을 추천하지 않으며, 비정형 항정신병약물 사용을 추천함"
651901000.0,"노인에서의 정형 항정신병약물 사용은 추체외로 증상, 항콜린성 부작용 등이 나타나기 쉬우므로 사용을 추천하지 않으며, 비정형 항정신병약물 사용을 추천함"
651905230.0,"항정신병약으로 치료받는 환자에서 잠재적으로 비가역적, 비자발적인, 이상운동 증후군이 발생할 수 있으며, 이 증후군은 고령자, 특히 여성 고령자에서 가장 많이 발생함. 비정형 정신병치료제를 복용하는 치매성 노인 정신질환 환자의 사망 위험성은 위약과 비교 시 증가. 이 약을 투여한 환자(평균연령:84세, 범위:78~88세)에서 사망례를 포함한 뇌혈관계 이상반응(예:뇌졸중, 일과성허혈발작)의 증가."
653006790.0,"항정신병약으로 치료받는 환자에서 잠재적으로 비가역적, 비자발적인, 이상운동 증후군이 발생할 수 있으며, 이 증후군은 고령자, 특히 여성 고령자에서 가장 많이 발생함. 비정형 정신병치료제를 복용하는 치매성 노인 정신질환 환자의 사망 위험성은 위약과 비교 시 증가. 이 약을 투여한 환자(평균연령:84세, 범위:78~88세)에서 사망례를 포함한 뇌혈관계 이상반응(예:뇌졸중, 일과성허혈발작)의 증가."
642405090.0,"항정신병약으로 치료받는 환자에서 잠재적으로 비가역적, 비자발적인, 이상운동 증후군이 발생할 수 있으며, 이 증후군은 고령자, 특히 여성 고령자에서 가장 많이 발생함. 비정형 정신병치료제를 복용하는 치매성 노인 정신질환 환자의 사망 위험성은 위약과 비교 시 증가. 이 약을 투여한 환자(평균연령:84세, 범위:78~88세)에서 사망례를 포함한 뇌혈관계 이상반응(예:뇌졸중, 일과성허혈발작)의 증가."
649900250.0,"항정신병약으로 치료받는 환자에서 잠재적으로 비가역적, 비자발적인, 이상운동 증후군이 발생할 수 있으며, 이 증후군은 고령자, 특히 여성 고령자에서 가장 많이 발생함. 비정형 정신병치료제를 복용하는 치매성 노인 정신질환 환자의 사망 위험성은 위약과 비교 시 증가. 이 약을 투여한 환자(평균연령:84세, 범위:78~88세)에서 사망례를 포함한 뇌혈관계 이상반응(예:뇌졸중, 일과성허혈발작)의 증가."
657202800.0,"항정신병약으로 치료받는 환자에서 잠재적으로 비가역적, 비자발적인, 이상운동 증후군이 발생할 수 있으며, 이 증후군은 고령자, 특히 여성 고령자에서 가장 많이 발생함. 비정형 정신병치료제를 복용하는 치매성 노인 정신질환 환자의 사망 위험성은 위약과 비교 시 증가. 이 약을 투여한 환자(평균연령:84세, 범위:78~88세)에서 사망례를 포함한 뇌혈관계 이상반응(예:뇌졸중, 일과성허혈발작)의 증가."
642005180.0,"항정신병약으로 치료받는 환자에서 잠재적으로 비가역적, 비자발적인, 이상운동 증후군이 발생할 수 있으며, 이 증후군은 고령자, 특히 여성 고령자에서 가장 많이 발생함. 비정형 정신병치료제를 복용하는 치매성 노인 정신질환 환자의 사망 위험성은 위약과 비교 시 증가. 이 약을 투여한 환자(평균연령:84세, 범위:78~88세)에서 사망례를 포함한 뇌혈관계 이상반응(예:뇌졸중, 일과성허혈발작)의 증가."
651900520.0,"노인에서의 장기지속형 벤조다이아제핀 사용은 인지기능 저하, 섬망, 낙상, 골절 및 교통사고의 위험으로 사용을 추천하지 않으며, 단시간 작용 벤조다이아제핀 사용을 추천함"
643308810.0,"노인에서의 장기지속형 벤조다이아제핀 사용은 인지기능 저하, 섬망, 낙상, 골절 및 교통사고의 위험으로 사용을 추천하지 않으며, 단시간 작용 벤조다이아제핀 사용을 추천함"
651900540.0,"노인에서의 장기지속형 벤조다이아제핀 사용은 인지기능 저하, 섬망, 낙상, 골절 및 교통사고의 위험으로 사용을 추천하지 않으며, 단시간 작용 벤조다이아제핀 사용을 추천함"
647800750.0,"노인에서의 장기지속형 벤조다이아제핀 사용은 인지기능 저하, 섬망, 낙상, 골절 및 교통사고의 위험으로 사용을 추천하지 않으며, 단시간 작용 벤조다이아제핀 사용을 추천함"
642002700.0,"항정신병약으로 치료받는 환자에서 잠재적으로 비가역적, 비자발적인, 이상운동 증후군이 발생할 수 있으며, 이 증후군은 고령자, 특히 여성 고령자에서 가장 많이 발생함. 비정형 정신병치료제를 복용하는 치매성 노인 정신질환 환자의 사망 위험성은 위약과 비교 시 증가. 이 약을 투여한 환자(평균연령:84세, 범위:78~88세)에서 사망례를 포함한 뇌혈관계 이상반응(예:뇌졸중, 일과성허혈발작)의 증가."
649900120.0,"항정신병약으로 치료받는 환자에서 잠재적으로 비가역적, 비자발적인, 이상운동 증후군이 발생할 수 있으며, 이 증후군은 고령자, 특히 여성 고령자에서 가장 많이 발생함. 비정형 정신병치료제를 복용하는 치매성 노인 정신질환 환자의 사망 위험성은 위약과 비교 시 증가. 이 약을 투여한 환자(평균연령:84세, 범위:78~88세)에서 사망례를 포함한 뇌혈관계 이상반응(예:뇌졸중, 일과성허혈발작)의 증가."
641907590.0,"항정신병약으로 치료받는 환자에서 잠재적으로 비가역적, 비자발적인, 이상운동 증후군이 발생할 수 있으며, 이 증후군은 고령자, 특히 여성 고령자에서 가장 많이 발생함. 비정형 정신병치료제를 복용하는 치매성 노인 정신질환 환자의 사망 위험성은 위약과 비교 시 증가. 이 약을 투여한 환자(평균연령:84세, 범위:78~88세)에서 사망례를 포함한 뇌혈관계 이상반응(예:뇌졸중, 일과성허혈발작)의 증가."
657806980.0,"항정신병약으로 치료받는 환자에서 잠재적으로 비가역적, 비자발적인, 이상운동 증후군이 발생할 수 있으며, 이 증후군은 고령자, 특히 여성 고령자에서 가장 많이 발생함. 비정형 정신병치료제를 복용하는 치매성 노인 정신질환 환자의 사망 위험성은 위약과 비교 시 증가. 이 약을 투여한 환자(평균연령:84세, 범위:78~88세)에서 사망례를 포함한 뇌혈관계 이상반응(예:뇌졸중, 일과성허혈발작)의 증가."
671706760.0,"항정신병약으로 치료받는 환자에서 잠재적으로 비가역적, 비자발적인, 이상운동 증후군이 발생할 수 있으며, 이 증후군은 고령자, 특히 여성 고령자에서 가장 많이 발생함. 비정형 정신병치료제를 복용하는 치매성 노인 정신질환 환자의 사망 위험성은 위약과 비교 시 증가. 이 약을 투여한 환자(평균연령:84세, 범위:78~88세)에서 사망례를 포함한 뇌혈관계 이상반응(예:뇌졸중, 일과성허혈발작)의 증가."
642706260.0,"항정신병약으로 치료받는 환자에서 잠재적으로 비가역적, 비자발적인, 이상운동 증후군이 발생할 수 있으며, 이 증후군은 고령자, 특히 여성 고령자에서 가장 많이 발생함. 비정형 정신병치료제를 복용하는 치매성 노인 정신질환 환자의 사망 위험성은 위약과 비교 시 증가. 이 약을 투여한 환자(평균연령:84세, 범위:78~88세)에서 사망례를 포함한 뇌혈관계 이상반응(예:뇌졸중, 일과성허혈발작)의 증가."
645305410.0,"항정신병약으로 치료받는 환자에서 잠재적으로 비가역적, 비자발적인, 이상운동 증후군이 발생할 수 있으며, 이 증후군은 고령자, 특히 여성 고령자에서 가장 많이 발생함. 비정형 정신병치료제를 복용하는 치매성 노인 정신질환 환자의 사망 위험성은 위약과 비교 시 증가. 이 약을 투여한 환자(평균연령:84세, 범위:78~88세)에서 사망례를 포함한 뇌혈관계 이상반응(예:뇌졸중, 일과성허혈발작)의 증가."
657202290.0,"항정신병약으로 치료받는 환자에서 잠재적으로 비가역적, 비자발적인, 이상운동 증후군이 발생할 수 있으며, 이 증후군은 고령자, 특히 여성 고령자에서 가장 많이 발생함. 비정형 정신병치료제를 복용하는 치매성 노인 정신질환 환자의 사망 위험성은 위약과 비교 시 증가. 이 약을 투여한 환자(평균연령:84세, 범위:78~88세)에서 사망례를 포함한 뇌혈관계 이상반응(예:뇌졸중, 일과성허혈발작)의 증가."
651903560.0,"항정신병약으로 치료받는 환자에서 잠재적으로 비가역적, 비자발적인, 이상운동 증후군이 발생할 수 있으며, 이 증후군은 고령자, 특히 여성 고령자에서 가장 많이 발생함. 비정형 정신병치료제를 복용하는 치매성 노인 정신질환 환자의 사망 위험성은 위약과 비교 시 증가. 이 약을 투여한 환자(평균연령:84세, 범위:78~88세)에서 사망례를 포함한 뇌혈관계 이상반응(예:뇌졸중, 일과성허혈발작)의 증가."
642403800.0,"항정신병약으로 치료받는 환자에서 잠재적으로 비가역적, 비자발적인, 이상운동 증후군이 발생할 수 있으며, 이 증후군은 고령자, 특히 여성 고령자에서 가장 많이 발생함. 비정형 정신병치료제를 복용하는 치매성 노인 정신질환 환자의 사망 위험성은 위약과 비교 시 증가. 이 약을 투여한 환자(평균연령:84세, 범위:78~88세)에서 사망례를 포함한 뇌혈관계 이상반응(예:뇌졸중, 일과성허혈발작)의 증가."
653005430.0,"항정신병약으로 치료받는 환자에서 잠재적으로 비가역적, 비자발적인, 이상운동 증후군이 발생할 수 있으며, 이 증후군은 고령자, 특히 여성 고령자에서 가장 많이 발생함. 비정형 정신병치료제를 복용하는 치매성 노인 정신질환 환자의 사망 위험성은 위약과 비교 시 증가. 이 약을 투여한 환자(평균연령:84세, 범위:78~88세)에서 사망례를 포함한 뇌혈관계 이상반응(예:뇌졸중, 일과성허혈발작)의 증가."
642002730.0,"항정신병약으로 치료받는 환자에서 잠재적으로 비가역적, 비자발적인, 이상운동 증후군이 발생할 수 있으며, 이 증후군은 고령자, 특히 여성 고령자에서 가장 많이 발생함. 비정형 정신병치료제를 복용하는 치매성 노인 정신질환 환자의 사망 위험성은 위약과 비교 시 증가. 이 약을 투여한 환자(평균연령:84세, 범위:78~88세)에서 사망례를 포함한 뇌혈관계 이상반응(예:뇌졸중, 일과성허혈발작)의 증가."
649900130.0,"항정신병약으로 치료받는 환자에서 잠재적으로 비가역적, 비자발적인, 이상운동 증후군이 발생할 수 있으며, 이 증후군은 고령자, 특히 여성 고령자에서 가장 많이 발생함. 비정형 정신병치료제를 복용하는 치매성 노인 정신질환 환자의 사망 위험성은 위약과 비교 시 증가. 이 약을 투여한 환자(평균연령:84세, 범위:78~88세)에서 사망례를 포함한 뇌혈관계 이상반응(예:뇌졸중, 일과성허혈발작)의 증가."
641907580.0,"항정신병약으로 치료받는 환자에서 잠재적으로 비가역적, 비자발적인, 이상운동 증후군이 발생할 수 있으며, 이 증후군은 고령자, 특히 여성 고령자에서 가장 많이 발생함. 비정형 정신병치료제를 복용하는 치매성 노인 정신질환 환자의 사망 위험성은 위약과 비교 시 증가. 이 약을 투여한 환자(평균연령:84세, 범위:78~88세)에서 사망례를 포함한 뇌혈관계 이상반응(예:뇌졸중, 일과성허혈발작)의 증가."
657806990.0,"항정신병약으로 치료받는 환자에서 잠재적으로 비가역적, 비자발적인, 이상운동 증후군이 발생할 수 있으며, 이 증후군은 고령자, 특히 여성 고령자에서 가장 많이 발생함. 비정형 정신병치료제를 복용하는 치매성 노인 정신질환 환자의 사망 위험성은 위약과 비교 시 증가. 이 약을 투여한 환자(평균연령:84세, 범위:78~88세)에서 사망례를 포함한 뇌혈관계 이상반응(예:뇌졸중, 일과성허혈발작)의 증가."
671706770.0,"항정신병약으로 치료받는 환자에서 잠재적으로 비가역적, 비자발적인, 이상운동 증후군이 발생할 수 있으며, 이 증후군은 고령자, 특히 여성 고령자에서 가장 많이 발생함. 비정형 정신병치료제를 복용하는 치매성 노인 정신질환 환자의 사망 위험성은 위약과 비교 시 증가. 이 약을 투여한 환자(평균연령:84세, 범위:78~88세)에서 사망례를 포함한 뇌혈관계 이상반응(예:뇌졸중, 일과성허혈발작)의 증가."
645305430.0,"항정신병약으로 치료받는 환자에서 잠재적으로 비가역적, 비자발적인, 이상운동 증후군이 발생할 수 있으며, 이 증후군은 고령자, 특히 여성 고령자에서 가장 많이 발생함. 비정형 정신병치료제를 복용하는 치매성 노인 정신질환 환자의 사망 위험성은 위약과 비교 시 증가. 이 약을 투여한 환자(평균연령:84세, 범위:78~88세)에서 사망례를 포함한 뇌혈관계 이상반응(예:뇌졸중, 일과성허혈발작)의 증가."
642706270.0,"항정신병약으로 치료받는 환자에서 잠재적으로 비가역적, 비자발적인, 이상운동 증후군이 발생할 수 있으며, 이 증후군은 고령자, 특히 여성 고령자에서 가장 많이 발생함. 비정형 정신병치료제를 복용하는 치매성 노인 정신질환 환자의 사망 위험성은 위약과 비교 시 증가. 이 약을 투여한 환자(평균연령:84세, 범위:78~88세)에서 사망례를 포함한 뇌혈관계 이상반응(예:뇌졸중, 일과성허혈발작)의 증가."
657202280.0,"항정신병약으로 치료받는 환자에서 잠재적으로 비가역적, 비자발적인, 이상운동 증후군이 발생할 수 있으며, 이 증후군은 고령자, 특히 여성 고령자에서 가장 많이 발생함. 비정형 정신병치료제를 복용하는 치매성 노인 정신질환 환자의 사망 위험성은 위약과 비교 시 증가. 이 약을 투여한 환자(평균연령:84세, 범위:78~88세)에서 사망례를 포함한 뇌혈관계 이상반응(예:뇌졸중, 일과성허혈발작)의 증가."
651903530.0,"항정신병약으로 치료받는 환자에서 잠재적으로 비가역적, 비자발적인, 이상운동 증후군이 발생할 수 있으며, 이 증후군은 고령자, 특히 여성 고령자에서 가장 많이 발생함. 비정형 정신병치료제를 복용하는 치매성 노인 정신질환 환자의 사망 위험성은 위약과 비교 시 증가. 이 약을 투여한 환자(평균연령:84세, 범위:78~88세)에서 사망례를 포함한 뇌혈관계 이상반응(예:뇌졸중, 일과성허혈발작)의 증가."
642403810.0,"항정신병약으로 치료받는 환자에서 잠재적으로 비가역적, 비자발적인, 이상운동 증후군이 발생할 수 있으며, 이 증후군은 고령자, 특히 여성 고령자에서 가장 많이 발생함. 비정형 정신병치료제를 복용하는 치매성 노인 정신질환 환자의 사망 위험성은 위약과 비교 시 증가. 이 약을 투여한 환자(평균연령:84세, 범위:78~88세)에서 사망례를 포함한 뇌혈관계 이상반응(예:뇌졸중, 일과성허혈발작)의 증가."
653005440.0,"항정신병약으로 치료받는 환자에서 잠재적으로 비가역적, 비자발적인, 이상운동 증후군이 발생할 수 있으며, 이 증후군은 고령자, 특히 여성 고령자에서 가장 많이 발생함. 비정형 정신병치료제를 복용하는 치매성 노인 정신질환 환자의 사망 위험성은 위약과 비교 시 증가. 이 약을 투여한 환자(평균연령:84세, 범위:78~88세)에서 사망례를 포함한 뇌혈관계 이상반응(예:뇌졸중, 일과성허혈발작)의 증가."
657203410.0,비정형 항정신병 약물을 복용하고 있는 치매 연관 정신질환 동반 고령 환자에서 이 약은 위약대비 사망 위험 증가.
642706240.0,비정형 항정신병 약물을 복용하고 있는 치매 연관 정신질환 동반 고령 환자에서 이 약은 위약대비 사망 위험 증가.
642400240.0,"치매 고령환자에게 비정형 항정신병약물 투여시 뇌혈관 질환, 사망의 위험 증가, 고령자에 투여시 추체외로 증상 등의 부작용이 나타나기 쉬움"
642400250.0,"치매 고령환자에게 비정형 항정신병약물 투여시 뇌혈관 질환, 사망의 위험 증가, 고령자에 투여시 추체외로 증상 등의 부작용이 나타나기 쉬움"
642102570.0,"항콜린 부작용(인지기능 저하, 섬망 악화, 구갈, 배뇨곤란, 변비 등)이 나타나기 쉬우므로 노인에서의 사용을 추천하지 않음. 항콜린성 작용이 있는 약제와의 병용으로 인해 항콜린 부작용이 증가하므로 동시 사용을 추천하지 않음"
646902290.0,항정신병 약물을 투여 받은 치매 관련 정신병이 있는 고령자에서 사망률 증가.
651904590.0,항정신병 약물을 투여 받은 치매 관련 정신병이 있는 고령자에서 사망률 증가.
651904600.0,항정신병 약물을 투여 받은 치매 관련 정신병이 있는 고령자에서 사망률 증가.
646902310.0,항정신병 약물을 투여 받은 치매 관련 정신병이 있는 고령자에서 사망률 증가.
646902320.0,항정신병 약물을 투여 받은 치매 관련 정신병이 있는 고령자에서 사망률 증가.
651904610.0,항정신병 약물을 투여 받은 치매 관련 정신병이 있는 고령자에서 사망률 증가.
657203470.0,"치매 고령환자에게 비정형 항정신병약물 투여시 뇌혈관 질환, 사망의 위험 증가, 고령자에 투여시 추체외로 증상과 같은 이상반응이 나타나기 쉬움"
653006010.0,"치매 고령환자에게 비정형 항정신병약물 투여시 뇌혈관 질환, 사망의 위험 증가, 고령자에 투여시 추체외로 증상과 같은 이상반응이 나타나기 쉬움"
642203000.0,"치매 고령환자에게 비정형 항정신병약물 투여시 뇌혈관 질환, 사망의 위험 증가, 고령자에 투여시 추체외로 증상과 같은 이상반응이 나타나기 쉬움"
653006020.0,"치매 고령환자에게 비정형 항정신병약물 투여시 뇌혈관 질환, 사망의 위험 증가, 고령자에 투여시 추체외로 증상과 같은 이상반응이 나타나기 쉬움"
657203460.0,"치매 고령환자에게 비정형 항정신병약물 투여시 뇌혈관 질환, 사망의 위험 증가, 고령자에 투여시 추체외로 증상과 같은 이상반응이 나타나기 쉬움"
642203010.0,"치매 고령환자에게 비정형 항정신병약물 투여시 뇌혈관 질환, 사망의 위험 증가, 고령자에 투여시 추체외로 증상과 같은 이상반응이 나타나기 쉬움"
642405070.0,"치매와 연관된 정신병과/또는 행동장애를 가진 노인 환자를 대상으로 한 위약 대조 임상시험 결과, 사망률과 뇌혈관 장애의 위험성 증가. 동일한 임상시험들에서 사망례를 포함한 뇌혈관 이상반응(예. 뇌졸중, 일시적인 허혈성 발작)이 보고됨. 항정신병약물을 장기간 사용하였을 때 지연운동이상증의 위험성은 증가하였으며 이러한 증후군의 발생율은 여성 고령자에게서 가장 높음."
626900650.0,"치매와 연관된 정신병과/또는 행동장애를 가진 노인 환자를 대상으로 한 위약 대조 임상시험 결과, 사망률과 뇌혈관 장애의 위험성 증가. 동일한 임상시험들에서 사망례를 포함한 뇌혈관 이상반응(예. 뇌졸중, 일시적인 허혈성 발작)이 보고됨. 항정신병약물을 장기간 사용하였을 때 지연운동이상증의 위험성은 증가하였으며 이러한 증후군의 발생율은 여성 고령자에게서 가장 높음."
642002510.0,"치매와 연관된 정신병과/또는 행동장애를 가진 노인 환자를 대상으로 한 위약 대조 임상시험 결과, 사망률과 뇌혈관 장애의 위험성 증가. 동일한 임상시험들에서 사망례를 포함한 뇌혈관 이상반응(예. 뇌졸중, 일시적인 허혈성 발작)이 보고됨. 항정신병약물을 장기간 사용하였을 때 지연운동이상증의 위험성은 증가하였으며 이러한 증후군의 발생율은 여성 고령자에게서 가장 높음."
698003800.0,"치매와 연관된 정신병과/또는 행동장애를 가진 노인 환자를 대상으로 한 위약 대조 임상시험 결과, 사망률과 뇌혈관 장애의 위험성 증가. 동일한 임상시험들에서 사망례를 포함한 뇌혈관 이상반응(예. 뇌졸중, 일시적인 허혈성 발작)이 보고됨. 항정신병약물을 장기간 사용하였을 때 지연운동이상증의 위험성은 증가하였으며 이러한 증후군의 발생율은 여성 고령자에게서 가장 높음."
668100710.0,"치매와 연관된 정신병과/또는 행동장애를 가진 노인 환자를 대상으로 한 위약 대조 임상시험 결과, 사망률과 뇌혈관 장애의 위험성 증가. 동일한 임상시험들에서 사망례를 포함한 뇌혈관 이상반응(예. 뇌졸중, 일시적인 허혈성 발작)이 보고됨. 항정신병약물을 장기간 사용하였을 때 지연운동이상증의 위험성은 증가하였으며 이러한 증후군의 발생율은 여성 고령자에게서 가장 높음."
653005560.0,"치매와 연관된 정신병과/또는 행동장애를 가진 노인 환자를 대상으로 한 위약 대조 임상시험 결과, 사망률과 뇌혈관 장애의 위험성 증가. 동일한 임상시험들에서 사망례를 포함한 뇌혈관 이상반응(예. 뇌졸중, 일시적인 허혈성 발작)이 보고됨. 항정신병약물을 장기간 사용하였을 때 지연운동이상증의 위험성은 증가하였으며 이러한 증후군의 발생율은 여성 고령자에게서 가장 높음."
651903220.0,"치매와 연관된 정신병과/또는 행동장애를 가진 노인 환자를 대상으로 한 위약 대조 임상시험 결과, 사망률과 뇌혈관 장애의 위험성 증가. 동일한 임상시험들에서 사망례를 포함한 뇌혈관 이상반응(예. 뇌졸중, 일시적인 허혈성 발작)이 보고됨. 항정신병약물을 장기간 사용하였을 때 지연운동이상증의 위험성은 증가하였으며 이러한 증후군의 발생율은 여성 고령자에게서 가장 높음."
645304960.0,"치매와 연관된 정신병과/또는 행동장애를 가진 노인 환자를 대상으로 한 위약 대조 임상시험 결과, 사망률과 뇌혈관 장애의 위험성 증가. 동일한 임상시험들에서 사망례를 포함한 뇌혈관 이상반응(예. 뇌졸중, 일시적인 허혈성 발작)이 보고됨. 항정신병약물을 장기간 사용하였을 때 지연운동이상증의 위험성은 증가하였으며 이러한 증후군의 발생율은 여성 고령자에게서 가장 높음."
642705720.0,"치매와 연관된 정신병과/또는 행동장애를 가진 노인 환자를 대상으로 한 위약 대조 임상시험 결과, 사망률과 뇌혈관 장애의 위험성 증가. 동일한 임상시험들에서 사망례를 포함한 뇌혈관 이상반응(예. 뇌졸중, 일시적인 허혈성 발작)이 보고됨. 항정신병약물을 장기간 사용하였을 때 지연운동이상증의 위험성은 증가하였으며 이러한 증후군의 발생율은 여성 고령자에게서 가장 높음."
657202210.0,"치매와 연관된 정신병과/또는 행동장애를 가진 노인 환자를 대상으로 한 위약 대조 임상시험 결과, 사망률과 뇌혈관 장애의 위험성 증가. 동일한 임상시험들에서 사망례를 포함한 뇌혈관 이상반응(예. 뇌졸중, 일시적인 허혈성 발작)이 보고됨. 항정신병약물을 장기간 사용하였을 때 지연운동이상증의 위험성은 증가하였으며 이러한 증후군의 발생율은 여성 고령자에게서 가장 높음."
640005880.0,"치매와 연관된 정신병과/또는 행동장애를 가진 노인 환자를 대상으로 한 위약 대조 임상시험 결과, 사망률과 뇌혈관 장애의 위험성 증가. 동일한 임상시험들에서 사망례를 포함한 뇌혈관 이상반응(예. 뇌졸중, 일시적인 허혈성 발작)이 보고됨. 항정신병약물을 장기간 사용하였을 때 지연운동이상증의 위험성은 증가하였으며 이러한 증후군의 발생율은 여성 고령자에게서 가장 높음."
641907900.0,"치매와 연관된 정신병과/또는 행동장애를 가진 노인 환자를 대상으로 한 위약 대조 임상시험 결과, 사망률과 뇌혈관 장애의 위험성 증가. 동일한 임상시험들에서 사망례를 포함한 뇌혈관 이상반응(예. 뇌졸중, 일시적인 허혈성 발작)이 보고됨. 항정신병약물을 장기간 사용하였을 때 지연운동이상증의 위험성은 증가하였으며 이러한 증후군의 발생율은 여성 고령자에게서 가장 높음."
651900930.0,"노인에서의 정형 항정신병약물 사용은 추체외로 증상, 항콜린성 부작용 등이 나타나기 쉬우므로 사용을 추천하지 않으며, 비정형 항정신병약물 사용을 추천함"
698004520.0,"비정형 항정신병약을 투여받은 노인 치매 환자의 사망률이 위약에 비해 증가. 노인 치매 환자에 대한 위약 대조 시험에서 사망을 포함한 뇌혈관 약물이상반응(뇌졸중, 일과성 허혈발작 등)이 높은 빈도로 나타남."
647304230.0,"비정형 항정신병약을 투여받은 노인 치매 환자의 사망률이 위약에 비해 증가. 노인 치매 환자에 대한 위약 대조 시험에서 사망을 포함한 뇌혈관 약물이상반응(뇌졸중, 일과성 허혈발작 등)이 높은 빈도로 나타남."
657807220.0,"비정형 항정신병약을 투여받은 노인 치매 환자의 사망률이 위약에 비해 증가. 노인 치매 환자에 대한 위약 대조 시험에서 사망을 포함한 뇌혈관 약물이상반응(뇌졸중, 일과성 허혈발작 등)이 높은 빈도로 나타남."
649002320.0,"비정형 항정신병약을 투여받은 노인 치매 환자의 사망률이 위약에 비해 증가. 노인 치매 환자에 대한 위약 대조 시험에서 사망을 포함한 뇌혈관 약물이상반응(뇌졸중, 일과성 허혈발작 등)이 높은 빈도로 나타남."
670402250.0,"비정형 항정신병약을 투여받은 노인 치매 환자의 사망률이 위약에 비해 증가. 노인 치매 환자에 대한 위약 대조 시험에서 사망을 포함한 뇌혈관 약물이상반응(뇌졸중, 일과성 허혈발작 등)이 높은 빈도로 나타남."
53300860.0,"비정형 항정신병약을 투여받은 노인 치매 환자의 사망률이 위약에 비해 증가. 노인 치매 환자에 대한 위약 대조 시험에서 사망을 포함한 뇌혈관 약물이상반응(뇌졸중, 일과성 허혈발작 등)이 높은 빈도로 나타남."
690301940.0,"비정형 항정신병약을 투여받은 노인 치매 환자의 사망률이 위약에 비해 증가. 노인 치매 환자에 대한 위약 대조 시험에서 사망을 포함한 뇌혈관 약물이상반응(뇌졸중, 일과성 허혈발작 등)이 높은 빈도로 나타남."
642900390.0,"비정형 항정신병약을 투여받은 노인 치매 환자의 사망률이 위약에 비해 증가. 노인 치매 환자에 대한 위약 대조 시험에서 사망을 포함한 뇌혈관 약물이상반응(뇌졸중, 일과성 허혈발작 등)이 높은 빈도로 나타남."
627600020.0,"비정형 항정신병약을 투여받은 노인 치매 환자의 사망률이 위약에 비해 증가. 노인 치매 환자에 대한 위약 대조 시험에서 사망을 포함한 뇌혈관 약물이상반응(뇌졸중, 일과성 허혈발작 등)이 높은 빈도로 나타남."
657200230.0,"비정형 항정신병약을 투여받은 노인 치매 환자의 사망률이 위약에 비해 증가. 노인 치매 환자에 대한 위약 대조 시험에서 사망을 포함한 뇌혈관 약물이상반응(뇌졸중, 일과성 허혈발작 등)이 높은 빈도로 나타남."
651900380.0,"비정형 항정신병약을 투여받은 노인 치매 환자의 사망률이 위약에 비해 증가. 노인 치매 환자에 대한 위약 대조 시험에서 사망을 포함한 뇌혈관 약물이상반응(뇌졸중, 일과성 허혈발작 등)이 높은 빈도로 나타남."
645305640.0,"비정형 항정신병약을 투여받은 노인 치매 환자의 사망률이 위약에 비해 증가. 노인 치매 환자에 대한 위약 대조 시험에서 사망을 포함한 뇌혈관 약물이상반응(뇌졸중, 일과성 허혈발작 등)이 높은 빈도로 나타남."
653000640.0,"비정형 항정신병약을 투여받은 노인 치매 환자의 사망률이 위약에 비해 증가. 노인 치매 환자에 대한 위약 대조 시험에서 사망을 포함한 뇌혈관 약물이상반응(뇌졸중, 일과성 허혈발작 등)이 높은 빈도로 나타남."
646902480.0,"비정형 항정신병약을 투여받은 노인 치매 환자의 사망률이 위약에 비해 증가. 노인 치매 환자에 대한 위약 대조 시험에서 사망을 포함한 뇌혈관 약물이상반응(뇌졸중, 일과성 허혈발작 등)이 높은 빈도로 나타남."
649806830.0,"비정형 항정신병약을 투여받은 노인 치매 환자의 사망률이 위약에 비해 증가. 노인 치매 환자에 대한 위약 대조 시험에서 사망을 포함한 뇌혈관 약물이상반응(뇌졸중, 일과성 허혈발작 등)이 높은 빈도로 나타남."
645403330.0,"비정형 항정신병약을 투여받은 노인 치매 환자의 사망률이 위약에 비해 증가. 노인 치매 환자에 대한 위약 대조 시험에서 사망을 포함한 뇌혈관 약물이상반응(뇌졸중, 일과성 허혈발작 등)이 높은 빈도로 나타남."
653404600.0,"비정형 항정신병약을 투여받은 노인 치매 환자의 사망률이 위약에 비해 증가. 노인 치매 환자에 대한 위약 대조 시험에서 사망을 포함한 뇌혈관 약물이상반응(뇌졸중, 일과성 허혈발작 등)이 높은 빈도로 나타남."
74200070.0,"항콜린 부작용(인지기능 저하, 섬망 악화, 구갈, 배뇨곤란, 변비 등)이 나타나기 쉽고, 효과가 불확실하므로 노인에서의 사용을 추천하지 않음. 항콜린성 작용이 있는 약제와의 병용으로 인해 항콜린 부작용이 증가하므로 동시 사용을 추천하지 않음"
642702410.0,"항콜린 부작용(인지기능 저하, 섬망 악화, 구갈, 배뇨곤란, 변비 등)이 나타나기 쉽고, 효과가 불확실하므로 노인에서의 사용을 추천하지 않음. 항콜린성 작용이 있는 약제와의 병용으로 인해 항콜린 부작용이 증가하므로 동시 사용을 추천하지 않음"
651904500.0,"비정형 항정신병약을 투여받은 노인 치매 환자의 사망률이 위약에 비해 증가. 노인 치매 환자에 대한 위약 대조 시험에서 사망을 포함한 뇌혈관 약물이상반응(뇌졸중, 일과성 허혈발작 등)이 높은 빈도로 나타남."
643506180.0,"비정형 항정신병약을 투여받은 노인 치매 환자의 사망률이 위약에 비해 증가. 노인 치매 환자에 대한 위약 대조 시험에서 사망을 포함한 뇌혈관 약물이상반응(뇌졸중, 일과성 허혈발작 등)이 높은 빈도로 나타남."
677200070.0,항콜린성 작용이 있는 약제와의 병용으로 인해 항콜린 부작용이 증가하므로 동시 사용을 추천하지 않음
659901550.0,항콜린성 작용이 있는 약제와의 병용으로 인해 항콜린 부작용이 증가하므로 동시 사용을 추천하지 않음
655404490.0,항콜린성 작용이 있는 약제와의 병용으로 인해 항콜린 부작용이 증가하므로 동시 사용을 추천하지 않음
73000330.0,항콜린성 작용이 있는 약제와의 병용으로 인해 항콜린 부작용이 증가하므로 동시 사용을 추천하지 않음
60500710.0,항콜린성 작용이 있는 약제와의 병용으로 인해 항콜린 부작용이 증가하므로 동시 사용을 추천하지 않음
621804040.0,항콜린성 작용이 있는 약제와의 병용으로 인해 항콜린 부작용이 증가하므로 동시 사용을 추천하지 않음
670502140.0,항콜린성 작용이 있는 약제와의 병용으로 인해 항콜린 부작용이 증가하므로 동시 사용을 추천하지 않음
59000550.0,항콜린성 작용이 있는 약제와의 병용으로 인해 항콜린 부작용이 증가하므로 동시 사용을 추천하지 않음
57000280.0,항콜린성 작용이 있는 약제와의 병용으로 인해 항콜린 부작용이 증가하므로 동시 사용을 추천하지 않음
684501820.0,항콜린성 작용이 있는 약제와의 병용으로 인해 항콜린 부작용이 증가하므로 동시 사용을 추천하지 않음
647303760.0,항콜린성 작용이 있는 약제와의 병용으로 인해 항콜린 부작용이 증가하므로 동시 사용을 추천하지 않음
650303790.0,항콜린성 작용이 있는 약제와의 병용으로 인해 항콜린 부작용이 증가하므로 동시 사용을 추천하지 않음
647204580.0,항콜린성 작용이 있는 약제와의 병용으로 인해 항콜린 부작용이 증가하므로 동시 사용을 추천하지 않음
642803000.0,항콜린성 작용이 있는 약제와의 병용으로 인해 항콜린 부작용이 증가하므로 동시 사용을 추천하지 않음
625201210.0,항콜린성 작용이 있는 약제와의 병용으로 인해 항콜린 부작용이 증가하므로 동시 사용을 추천하지 않음
622802950.0,항콜린성 작용이 있는 약제와의 병용으로 인해 항콜린 부작용이 증가하므로 동시 사용을 추천하지 않음
661904550.0,항콜린성 작용이 있는 약제와의 병용으로 인해 항콜린 부작용이 증가하므로 동시 사용을 추천하지 않음
652606250.0,항콜린성 작용이 있는 약제와의 병용으로 인해 항콜린 부작용이 증가하므로 동시 사용을 추천하지 않음
662503210.0,항콜린성 작용이 있는 약제와의 병용으로 인해 항콜린 부작용이 증가하므로 동시 사용을 추천하지 않음
665002300.0,항콜린성 작용이 있는 약제와의 병용으로 인해 항콜린 부작용이 증가하므로 동시 사용을 추천하지 않음
663607040.0,항콜린성 작용이 있는 약제와의 병용으로 인해 항콜린 부작용이 증가하므로 동시 사용을 추천하지 않음
642306960.0,항콜린성 작용이 있는 약제와의 병용으로 인해 항콜린 부작용이 증가하므로 동시 사용을 추천하지 않음
52400120.0,항콜린성 작용이 있는 약제와의 병용으로 인해 항콜린 부작용이 증가하므로 동시 사용을 추천하지 않음
643104250.0,항콜린성 작용이 있는 약제와의 병용으로 인해 항콜린 부작용이 증가하므로 동시 사용을 추천하지 않음
656004490.0,항콜린성 작용이 있는 약제와의 병용으로 인해 항콜린 부작용이 증가하므로 동시 사용을 추천하지 않음
694204840.0,항콜린성 작용이 있는 약제와의 병용으로 인해 항콜린 부작용이 증가하므로 동시 사용을 추천하지 않음
670104100.0,항콜린성 작용이 있는 약제와의 병용으로 인해 항콜린 부작용이 증가하므로 동시 사용을 추천하지 않음
669906180.0,항콜린성 작용이 있는 약제와의 병용으로 인해 항콜린 부작용이 증가하므로 동시 사용을 추천하지 않음
644003760.0,항콜린성 작용이 있는 약제와의 병용으로 인해 항콜린 부작용이 증가하므로 동시 사용을 추천하지 않음
698502960.0,항콜린성 작용이 있는 약제와의 병용으로 인해 항콜린 부작용이 증가하므로 동시 사용을 추천하지 않음
698003460.0,항콜린성 작용이 있는 약제와의 병용으로 인해 항콜린 부작용이 증가하므로 동시 사용을 추천하지 않음
640903110.0,항콜린성 작용이 있는 약제와의 병용으로 인해 항콜린 부작용이 증가하므로 동시 사용을 추천하지 않음
669804670.0,항콜린성 작용이 있는 약제와의 병용으로 인해 항콜린 부작용이 증가하므로 동시 사용을 추천하지 않음
654004580.0,항콜린성 작용이 있는 약제와의 병용으로 인해 항콜린 부작용이 증가하므로 동시 사용을 추천하지 않음
646003930.0,항콜린성 작용이 있는 약제와의 병용으로 인해 항콜린 부작용이 증가하므로 동시 사용을 추천하지 않음
649102520.0,항콜린성 작용이 있는 약제와의 병용으로 인해 항콜린 부작용이 증가하므로 동시 사용을 추천하지 않음
658603250.0,항콜린성 작용이 있는 약제와의 병용으로 인해 항콜린 부작용이 증가하므로 동시 사용을 추천하지 않음
654305020.0,항콜린성 작용이 있는 약제와의 병용으로 인해 항콜린 부작용이 증가하므로 동시 사용을 추천하지 않음
665506690.0,항콜린성 작용이 있는 약제와의 병용으로 인해 항콜린 부작용이 증가하므로 동시 사용을 추천하지 않음
658202720.0,항콜린성 작용이 있는 약제와의 병용으로 인해 항콜린 부작용이 증가하므로 동시 사용을 추천하지 않음
657805510.0,항콜린성 작용이 있는 약제와의 병용으로 인해 항콜린 부작용이 증가하므로 동시 사용을 추천하지 않음
651204240.0,항콜린성 작용이 있는 약제와의 병용으로 인해 항콜린 부작용이 증가하므로 동시 사용을 추천하지 않음
653403210.0,항콜린성 작용이 있는 약제와의 병용으로 인해 항콜린 부작용이 증가하므로 동시 사용을 추천하지 않음
693902620.0,항콜린성 작용이 있는 약제와의 병용으로 인해 항콜린 부작용이 증가하므로 동시 사용을 추천하지 않음
694001430.0,항콜린성 작용이 있는 약제와의 병용으로 인해 항콜린 부작용이 증가하므로 동시 사용을 추천하지 않음
649507530.0,항콜린성 작용이 있는 약제와의 병용으로 인해 항콜린 부작용이 증가하므로 동시 사용을 추천하지 않음
649807270.0,항콜린성 작용이 있는 약제와의 병용으로 인해 항콜린 부작용이 증가하므로 동시 사용을 추천하지 않음
648603050.0,항콜린성 작용이 있는 약제와의 병용으로 인해 항콜린 부작용이 증가하므로 동시 사용을 추천하지 않음
671705180.0,항콜린성 작용이 있는 약제와의 병용으로 인해 항콜린 부작용이 증가하므로 동시 사용을 추천하지 않음
660702720.0,항콜린성 작용이 있는 약제와의 병용으로 인해 항콜린 부작용이 증가하므로 동시 사용을 추천하지 않음
640007110.0,항콜린성 작용이 있는 약제와의 병용으로 인해 항콜린 부작용이 증가하므로 동시 사용을 추천하지 않음
648103820.0,항콜린성 작용이 있는 약제와의 병용으로 인해 항콜린 부작용이 증가하므로 동시 사용을 추천하지 않음
645404950.0,항콜린성 작용이 있는 약제와의 병용으로 인해 항콜린 부작용이 증가하므로 동시 사용을 추천하지 않음
645906260.0,항콜린성 작용이 있는 약제와의 병용으로 인해 항콜린 부작용이 증가하므로 동시 사용을 추천하지 않음
645604840.0,항콜린성 작용이 있는 약제와의 병용으로 인해 항콜린 부작용이 증가하므로 동시 사용을 추천하지 않음
642905790.0,항콜린성 작용이 있는 약제와의 병용으로 인해 항콜린 부작용이 증가하므로 동시 사용을 추천하지 않음
671805970.0,항콜린성 작용이 있는 약제와의 병용으로 인해 항콜린 부작용이 증가하므로 동시 사용을 추천하지 않음
657306630.0,항콜린성 작용이 있는 약제와의 병용으로 인해 항콜린 부작용이 증가하므로 동시 사용을 추천하지 않음
648507380.0,항콜린성 작용이 있는 약제와의 병용으로 인해 항콜린 부작용이 증가하므로 동시 사용을 추천하지 않음
644102590.0,항콜린성 작용이 있는 약제와의 병용으로 인해 항콜린 부작용이 증가하므로 동시 사용을 추천하지 않음
641704960.0,항콜린성 작용이 있는 약제와의 병용으로 인해 항콜린 부작용이 증가하므로 동시 사용을 추천하지 않음
677200080.0,항콜린성 작용이 있는 약제와의 병용으로 인해 항콜린 부작용이 증가하므로 동시 사용을 추천하지 않음
659901540.0,항콜린성 작용이 있는 약제와의 병용으로 인해 항콜린 부작용이 증가하므로 동시 사용을 추천하지 않음
671705170.0,항콜린성 작용이 있는 약제와의 병용으로 인해 항콜린 부작용이 증가하므로 동시 사용을 추천하지 않음
670104110.0,항콜린성 작용이 있는 약제와의 병용으로 인해 항콜린 부작용이 증가하므로 동시 사용을 추천하지 않음
644003750.0,항콜린성 작용이 있는 약제와의 병용으로 인해 항콜린 부작용이 증가하므로 동시 사용을 추천하지 않음
698502970.0,항콜린성 작용이 있는 약제와의 병용으로 인해 항콜린 부작용이 증가하므로 동시 사용을 추천하지 않음
640903120.0,항콜린성 작용이 있는 약제와의 병용으로 인해 항콜린 부작용이 증가하므로 동시 사용을 추천하지 않음
669804660.0,항콜린성 작용이 있는 약제와의 병용으로 인해 항콜린 부작용이 증가하므로 동시 사용을 추천하지 않음
646003920.0,항콜린성 작용이 있는 약제와의 병용으로 인해 항콜린 부작용이 증가하므로 동시 사용을 추천하지 않음
649102510.0,항콜린성 작용이 있는 약제와의 병용으로 인해 항콜린 부작용이 증가하므로 동시 사용을 추천하지 않음
658603260.0,항콜린성 작용이 있는 약제와의 병용으로 인해 항콜린 부작용이 증가하므로 동시 사용을 추천하지 않음
654305030.0,항콜린성 작용이 있는 약제와의 병용으로 인해 항콜린 부작용이 증가하므로 동시 사용을 추천하지 않음
665506660.0,항콜린성 작용이 있는 약제와의 병용으로 인해 항콜린 부작용이 증가하므로 동시 사용을 추천하지 않음
658202730.0,항콜린성 작용이 있는 약제와의 병용으로 인해 항콜린 부작용이 증가하므로 동시 사용을 추천하지 않음
657805500.0,항콜린성 작용이 있는 약제와의 병용으로 인해 항콜린 부작용이 증가하므로 동시 사용을 추천하지 않음
651204250.0,항콜린성 작용이 있는 약제와의 병용으로 인해 항콜린 부작용이 증가하므로 동시 사용을 추천하지 않음
653403200.0,항콜린성 작용이 있는 약제와의 병용으로 인해 항콜린 부작용이 증가하므로 동시 사용을 추천하지 않음
693902580.0,항콜린성 작용이 있는 약제와의 병용으로 인해 항콜린 부작용이 증가하므로 동시 사용을 추천하지 않음
694001420.0,항콜린성 작용이 있는 약제와의 병용으로 인해 항콜린 부작용이 증가하므로 동시 사용을 추천하지 않음
649507540.0,항콜린성 작용이 있는 약제와의 병용으로 인해 항콜린 부작용이 증가하므로 동시 사용을 추천하지 않음
649807260.0,항콜린성 작용이 있는 약제와의 병용으로 인해 항콜린 부작용이 증가하므로 동시 사용을 추천하지 않음
648603060.0,항콜린성 작용이 있는 약제와의 병용으로 인해 항콜린 부작용이 증가하므로 동시 사용을 추천하지 않음
655404500.0,항콜린성 작용이 있는 약제와의 병용으로 인해 항콜린 부작용이 증가하므로 동시 사용을 추천하지 않음
73000360.0,항콜린성 작용이 있는 약제와의 병용으로 인해 항콜린 부작용이 증가하므로 동시 사용을 추천하지 않음
647204570.0,항콜린성 작용이 있는 약제와의 병용으로 인해 항콜린 부작용이 증가하므로 동시 사용을 추천하지 않음
670502120.0,항콜린성 작용이 있는 약제와의 병용으로 인해 항콜린 부작용이 증가하므로 동시 사용을 추천하지 않음
59000560.0,항콜린성 작용이 있는 약제와의 병용으로 인해 항콜린 부작용이 증가하므로 동시 사용을 추천하지 않음
57000270.0,항콜린성 작용이 있는 약제와의 병용으로 인해 항콜린 부작용이 증가하므로 동시 사용을 추천하지 않음
647303770.0,항콜린성 작용이 있는 약제와의 병용으로 인해 항콜린 부작용이 증가하므로 동시 사용을 추천하지 않음
650303800.0,항콜린성 작용이 있는 약제와의 병용으로 인해 항콜린 부작용이 증가하므로 동시 사용을 추천하지 않음
625201200.0,항콜린성 작용이 있는 약제와의 병용으로 인해 항콜린 부작용이 증가하므로 동시 사용을 추천하지 않음
652606260.0,항콜린성 작용이 있는 약제와의 병용으로 인해 항콜린 부작용이 증가하므로 동시 사용을 추천하지 않음
663607050.0,항콜린성 작용이 있는 약제와의 병용으로 인해 항콜린 부작용이 증가하므로 동시 사용을 추천하지 않음
642306950.0,항콜린성 작용이 있는 약제와의 병용으로 인해 항콜린 부작용이 증가하므로 동시 사용을 추천하지 않음
52400130.0,항콜린성 작용이 있는 약제와의 병용으로 인해 항콜린 부작용이 증가하므로 동시 사용을 추천하지 않음
643104240.0,항콜린성 작용이 있는 약제와의 병용으로 인해 항콜린 부작용이 증가하므로 동시 사용을 추천하지 않음
656004480.0,항콜린성 작용이 있는 약제와의 병용으로 인해 항콜린 부작용이 증가하므로 동시 사용을 추천하지 않음
694204590.0,항콜린성 작용이 있는 약제와의 병용으로 인해 항콜린 부작용이 증가하므로 동시 사용을 추천하지 않음
640007080.0,항콜린성 작용이 있는 약제와의 병용으로 인해 항콜린 부작용이 증가하므로 동시 사용을 추천하지 않음
641704950.0,항콜린성 작용이 있는 약제와의 병용으로 인해 항콜린 부작용이 증가하므로 동시 사용을 추천하지 않음
645604850.0,항콜린성 작용이 있는 약제와의 병용으로 인해 항콜린 부작용이 증가하므로 동시 사용을 추천하지 않음
645404960.0,항콜린성 작용이 있는 약제와의 병용으로 인해 항콜린 부작용이 증가하므로 동시 사용을 추천하지 않음
645906110.0,항콜린성 작용이 있는 약제와의 병용으로 인해 항콜린 부작용이 증가하므로 동시 사용을 추천하지 않음
642905780.0,항콜린성 작용이 있는 약제와의 병용으로 인해 항콜린 부작용이 증가하므로 동시 사용을 추천하지 않음
648103830.0,항콜린성 작용이 있는 약제와의 병용으로 인해 항콜린 부작용이 증가하므로 동시 사용을 추천하지 않음
671805980.0,항콜린성 작용이 있는 약제와의 병용으로 인해 항콜린 부작용이 증가하므로 동시 사용을 추천하지 않음
660702710.0,항콜린성 작용이 있는 약제와의 병용으로 인해 항콜린 부작용이 증가하므로 동시 사용을 추천하지 않음
648507370.0,항콜린성 작용이 있는 약제와의 병용으로 인해 항콜린 부작용이 증가하므로 동시 사용을 추천하지 않음
657306640.0,항콜린성 작용이 있는 약제와의 병용으로 인해 항콜린 부작용이 증가하므로 동시 사용을 추천하지 않음
651904510.0,"비정형 항정신병약을 투여받은 노인 치매 환자의 사망률이 위약에 비해 증가. 노인 치매 환자에 대한 위약 대조 시험에서 사망을 포함한 뇌혈관 약물이상반응(뇌졸중, 일과성 허혈발작 등)이 높은 빈도로 나타남."
643506170.0,"비정형 항정신병약을 투여받은 노인 치매 환자의 사망률이 위약에 비해 증가. 노인 치매 환자에 대한 위약 대조 시험에서 사망을 포함한 뇌혈관 약물이상반응(뇌졸중, 일과성 허혈발작 등)이 높은 빈도로 나타남."
642201290.0,항콜린성 작용이 있는 약제와의 병용으로 인해 항콜린 부작용이 증가하므로 동시 사용을 추천하지 않음
642800500.0,"항콜린 부작용(인지기능 저하, 섬망 악화, 구갈, 배뇨곤란, 변비 등)이 나타나기 쉽고 운동실조, 과진정으로 인한 낙상 및 골절이 나타나기 쉬우므로 사용을 추천하지 않음"
646902141.0,항정신병 약물을 투여 받은 치매 관련 정신병이 있는 고령자에서 사망률 증가.
646902161.0,항정신병 약물을 투여 받은 치매 관련 정신병이 있는 고령자에서 사망률 증가.
646902151.0,항정신병 약물을 투여 받은 치매 관련 정신병이 있는 고령자에서 사망률 증가.
646902171.0,항정신병 약물을 투여 받은 치매 관련 정신병이 있는 고령자에서 사망률 증가.
649900411.0,"항정신병약으로 치료받는 환자에서 잠재적으로 비가역적, 비자발적인, 이상운동 증후군이 발생할 수 있으며, 이 증후군은 고령자, 특히 여성 고령자에서 가장 많이 발생함. 비정형 정신병치료제를 복용하는 치매성 노인 정신질환 환자의 사망 위험성은 위약과 비교 시 증가. 이 약을 투여한 환자(평균연령:84세, 범위:78~88세)에서 사망례를 포함한 뇌혈관계 이상반응(예:뇌졸중, 일과성허혈발작)의 증가."
649900421.0,"항정신병약으로 치료받는 환자에서 잠재적으로 비가역적, 비자발적인, 이상운동 증후군이 발생할 수 있으며, 이 증후군은 고령자, 특히 여성 고령자에서 가장 많이 발생함. 비정형 정신병치료제를 복용하는 치매성 노인 정신질환 환자의 사망 위험성은 위약과 비교 시 증가. 이 약을 투여한 환자(평균연령:84세, 범위:78~88세)에서 사망례를 포함한 뇌혈관계 이상반응(예:뇌졸중, 일과성허혈발작)의 증가."
643507700.0,항콜린성 작용이 있는 약제와의 병용으로 인해 항콜린 부작용이 증가하므로 동시 사용을 추천하지 않음
643507710.0,항콜린성 작용이 있는 약제와의 병용으로 인해 항콜린 부작용이 증가하므로 동시 사용을 추천하지 않음
645401240.0,항콜린성 작용이 있는 약제와의 병용으로 인해 항콜린 부작용이 증가하므로 동시 사용을 추천하지 않음
645400470.0,항콜린성 작용이 있는 약제와의 병용으로 인해 항콜린 부작용이 증가하므로 동시 사용을 추천하지 않음
658603380.0,항콜린성 작용이 있는 약제와의 병용으로 인해 항콜린 부작용이 증가하므로 동시 사용을 추천하지 않음
649806610.0,항콜린성 작용이 있는 약제와의 병용으로 인해 항콜린 부작용이 증가하므로 동시 사용을 추천하지 않음
641702460.0,항콜린성 작용이 있는 약제와의 병용으로 인해 항콜린 부작용이 증가하므로 동시 사용을 추천하지 않음
669907810.0,항콜린성 작용이 있는 약제와의 병용으로 인해 항콜린 부작용이 증가하므로 동시 사용을 추천하지 않음
690301380.0,항콜린성 작용이 있는 약제와의 병용으로 인해 항콜린 부작용이 증가하므로 동시 사용을 추천하지 않음
649104380.0,항콜린성 작용이 있는 약제와의 병용으로 인해 항콜린 부작용이 증가하므로 동시 사용을 추천하지 않음
645209840.0,항콜린성 작용이 있는 약제와의 병용으로 인해 항콜린 부작용이 증가하므로 동시 사용을 추천하지 않음
622803180.0,항콜린성 작용이 있는 약제와의 병용으로 인해 항콜린 부작용이 증가하므로 동시 사용을 추천하지 않음
647204810.0,항콜린성 작용이 있는 약제와의 병용으로 인해 항콜린 부작용이 증가하므로 동시 사용을 추천하지 않음
670401210.0,항콜린성 작용이 있는 약제와의 병용으로 인해 항콜린 부작용이 증가하므로 동시 사용을 추천하지 않음
657306120.0,항콜린성 작용이 있는 약제와의 병용으로 인해 항콜린 부작용이 증가하므로 동시 사용을 추천하지 않음
693200740.0,항콜린성 작용이 있는 약제와의 병용으로 인해 항콜린 부작용이 증가하므로 동시 사용을 추천하지 않음
678600920.0,항콜린성 작용이 있는 약제와의 병용으로 인해 항콜린 부작용이 증가하므로 동시 사용을 추천하지 않음
655602050.0,항콜린성 작용이 있는 약제와의 병용으로 인해 항콜린 부작용이 증가하므로 동시 사용을 추천하지 않음
654303180.0,항콜린성 작용이 있는 약제와의 병용으로 인해 항콜린 부작용이 증가하므로 동시 사용을 추천하지 않음
662503980.0,항콜린성 작용이 있는 약제와의 병용으로 인해 항콜린 부작용이 증가하므로 동시 사용을 추천하지 않음
645400480.0,항콜린성 작용이 있는 약제와의 병용으로 인해 항콜린 부작용이 증가하므로 동시 사용을 추천하지 않음
649802640.0,항콜린성 작용이 있는 약제와의 병용으로 인해 항콜린 부작용이 증가하므로 동시 사용을 추천하지 않음
645602090.0,항콜린성 작용이 있는 약제와의 병용으로 인해 항콜린 부작용이 증가하므로 동시 사용을 추천하지 않음
658601590.0,항콜린성 작용이 있는 약제와의 병용으로 인해 항콜린 부작용이 증가하므로 동시 사용을 추천하지 않음
640900780.0,항콜린성 작용이 있는 약제와의 병용으로 인해 항콜린 부작용이 증가하므로 동시 사용을 추천하지 않음
643101600.0,항콜린성 작용이 있는 약제와의 병용으로 인해 항콜린 부작용이 증가하므로 동시 사용을 추천하지 않음
670600430.0,항콜린성 작용이 있는 약제와의 병용으로 인해 항콜린 부작용이 증가하므로 동시 사용을 추천하지 않음
653400830.0,항콜린성 작용이 있는 약제와의 병용으로 인해 항콜린 부작용이 증가하므로 동시 사용을 추천하지 않음
657804890.0,항콜린성 작용이 있는 약제와의 병용으로 인해 항콜린 부작용이 증가하므로 동시 사용을 추천하지 않음
641601430.0,항콜린성 작용이 있는 약제와의 병용으로 인해 항콜린 부작용이 증가하므로 동시 사용을 추천하지 않음
648502880.0,항콜린성 작용이 있는 약제와의 병용으로 인해 항콜린 부작용이 증가하므로 동시 사용을 추천하지 않음
652601480.0,항콜린성 작용이 있는 약제와의 병용으로 인해 항콜린 부작용이 증가하므로 동시 사용을 추천하지 않음
644100690.0,항콜린성 작용이 있는 약제와의 병용으로 인해 항콜린 부작용이 증가하므로 동시 사용을 추천하지 않음
694000510.0,항콜린성 작용이 있는 약제와의 병용으로 인해 항콜린 부작용이 증가하므로 동시 사용을 추천하지 않음
73400070.0,항콜린성 작용이 있는 약제와의 병용으로 인해 항콜린 부작용이 증가하므로 동시 사용을 추천하지 않음
644305900.0,항콜린성 작용이 있는 약제와의 병용으로 인해 항콜린 부작용이 증가하므로 동시 사용을 추천하지 않음
671802830.0,항콜린성 작용이 있는 약제와의 병용으로 인해 항콜린 부작용이 증가하므로 동시 사용을 추천하지 않음
648102140.0,항콜린성 작용이 있는 약제와의 병용으로 인해 항콜린 부작용이 증가하므로 동시 사용을 추천하지 않음
73400080.0,항콜린성 작용이 있는 약제와의 병용으로 인해 항콜린 부작용이 증가하므로 동시 사용을 추천하지 않음
644300650.0,항콜린성 작용이 있는 약제와의 병용으로 인해 항콜린 부작용이 증가하므로 동시 사용을 추천하지 않음
53300460.0,항콜린성 작용이 있는 약제와의 병용으로 인해 항콜린 부작용이 증가하므로 동시 사용을 추천하지 않음
643100750.0,항콜린성 작용이 있는 약제와의 병용으로 인해 항콜린 부작용이 증가하므로 동시 사용을 추천하지 않음
648200140.0,항콜린성 작용이 있는 약제와의 병용으로 인해 항콜린 부작용이 증가하므로 동시 사용을 추천하지 않음
641500040.0,항콜린성 작용이 있는 약제와의 병용으로 인해 항콜린 부작용이 증가하므로 동시 사용을 추천하지 않음
654002210.0,항콜린성 작용이 있는 약제와의 병용으로 인해 항콜린 부작용이 증가하므로 동시 사용을 추천하지 않음
642000950.0,항콜린성 작용이 있는 약제와의 병용으로 인해 항콜린 부작용이 증가하므로 동시 사용을 추천하지 않음
647801910.0,항콜린성 작용이 있는 약제와의 병용으로 인해 항콜린 부작용이 증가하므로 동시 사용을 추천하지 않음
649900350.0,"항정신병약으로 치료받는 환자에서 잠재적으로 비가역적, 비자발적인, 이상운동 증후군이 발생할 수 있으며, 이 증후군은 고령자, 특히 여성 고령자에서 가장 많이 발생함. 비정형 정신병치료제를 복용하는 치매성 노인 정신질환 환자의 사망 위험성은 위약과 비교 시 증가. 이 약을 투여한 환자(평균연령:84세, 범위:78~88세)에서 사망례를 포함한 뇌혈관계 이상반응(예:뇌졸중, 일과성허혈발작)의 증가."
649900360.0,"항정신병약으로 치료받는 환자에서 잠재적으로 비가역적, 비자발적인, 이상운동 증후군이 발생할 수 있으며, 이 증후군은 고령자, 특히 여성 고령자에서 가장 많이 발생함. 비정형 정신병치료제를 복용하는 치매성 노인 정신질환 환자의 사망 위험성은 위약과 비교 시 증가. 이 약을 투여한 환자(평균연령:84세, 범위:78~88세)에서 사망례를 포함한 뇌혈관계 이상반응(예:뇌졸중, 일과성허혈발작)의 증가."
657201020.0,항콜린성 작용이 있는 약제와의 병용으로 인해 항콜린 부작용이 증가하므로 동시 사용을 추천하지 않음
651900600.0,항콜린성 작용이 있는 약제와의 병용으로 인해 항콜린 부작용이 증가하므로 동시 사용을 추천하지 않음
651900610.0,항콜린성 작용이 있는 약제와의 병용으로 인해 항콜린 부작용이 증가하므로 동시 사용을 추천하지 않음
657201030.0,항콜린성 작용이 있는 약제와의 병용으로 인해 항콜린 부작용이 증가하므로 동시 사용을 추천하지 않음
642202340.0,"항콜린 부작용(인지기능 저하, 섬망 악화, 구갈, 배뇨곤란, 변비 등)이 나타나기 쉬우므로 노인에서의 사용을 추천하지 않음. 항콜린성 작용이 있는 약제와의 병용으로 인해 항콜린 부작용이 증가하므로 동시 사용을 추천하지 않음"
642802390.0,"치매와 연관된 정신병과/또는 행동장애를 가진 노인 환자를 대상으로 한 위약 대조 임상시험 결과, 사망률과 뇌혈관 장애의 위험성 증가. 동일한 임상시험들에서 사망례를 포함한 뇌혈관 이상반응(예. 뇌졸중, 일시적인 허혈성 발작)이 보고됨. 항정신병약물을 장기간 사용하였을 때 지연운동이상증의 위험성은 증가하였으며 이러한 증후군의 발생율은 여성 고령자에게서 가장 높음."
670800190.0,"치매와 연관된 정신병과/또는 행동장애를 가진 노인 환자를 대상으로 한 위약 대조 임상시험 결과, 사망률과 뇌혈관 장애의 위험성 증가. 동일한 임상시험들에서 사망례를 포함한 뇌혈관 이상반응(예. 뇌졸중, 일시적인 허혈성 발작)이 보고됨. 항정신병약물을 장기간 사용하였을 때 지연운동이상증의 위험성은 증가하였으며 이러한 증후군의 발생율은 여성 고령자에게서 가장 높음."
642802420.0,"치매와 연관된 정신병과/또는 행동장애를 가진 노인 환자를 대상으로 한 위약 대조 임상시험 결과, 사망률과 뇌혈관 장애의 위험성 증가. 동일한 임상시험들에서 사망례를 포함한 뇌혈관 이상반응(예. 뇌졸중, 일시적인 허혈성 발작)이 보고됨. 항정신병약물을 장기간 사용하였을 때 지연운동이상증의 위험성은 증가하였으며 이러한 증후군의 발생율은 여성 고령자에게서 가장 높음."
670800180.0,"치매와 연관된 정신병과/또는 행동장애를 가진 노인 환자를 대상으로 한 위약 대조 임상시험 결과, 사망률과 뇌혈관 장애의 위험성 증가. 동일한 임상시험들에서 사망례를 포함한 뇌혈관 이상반응(예. 뇌졸중, 일시적인 허혈성 발작)이 보고됨. 항정신병약물을 장기간 사용하였을 때 지연운동이상증의 위험성은 증가하였으며 이러한 증후군의 발생율은 여성 고령자에게서 가장 높음."
647304220.0,"비정형 항정신병약을 투여받은 노인 치매 환자의 사망률이 위약에 비해 증가. 노인 치매 환자에 대한 위약 대조 시험에서 사망을 포함한 뇌혈관 약물이상반응(뇌졸중, 일과성 허혈발작 등)이 높은 빈도로 나타남."
657807230.0,"비정형 항정신병약을 투여받은 노인 치매 환자의 사망률이 위약에 비해 증가. 노인 치매 환자에 대한 위약 대조 시험에서 사망을 포함한 뇌혈관 약물이상반응(뇌졸중, 일과성 허혈발작 등)이 높은 빈도로 나타남."
649002330.0,"비정형 항정신병약을 투여받은 노인 치매 환자의 사망률이 위약에 비해 증가. 노인 치매 환자에 대한 위약 대조 시험에서 사망을 포함한 뇌혈관 약물이상반응(뇌졸중, 일과성 허혈발작 등)이 높은 빈도로 나타남."
642900400.0,"비정형 항정신병약을 투여받은 노인 치매 환자의 사망률이 위약에 비해 증가. 노인 치매 환자에 대한 위약 대조 시험에서 사망을 포함한 뇌혈관 약물이상반응(뇌졸중, 일과성 허혈발작 등)이 높은 빈도로 나타남."
649503240.0,"비정형 항정신병약을 투여받은 노인 치매 환자의 사망률이 위약에 비해 증가. 노인 치매 환자에 대한 위약 대조 시험에서 사망을 포함한 뇌혈관 약물이상반응(뇌졸중, 일과성 허혈발작 등)이 높은 빈도로 나타남."
627600030.0,"비정형 항정신병약을 투여받은 노인 치매 환자의 사망률이 위약에 비해 증가. 노인 치매 환자에 대한 위약 대조 시험에서 사망을 포함한 뇌혈관 약물이상반응(뇌졸중, 일과성 허혈발작 등)이 높은 빈도로 나타남."
645305650.0,"비정형 항정신병약을 투여받은 노인 치매 환자의 사망률이 위약에 비해 증가. 노인 치매 환자에 대한 위약 대조 시험에서 사망을 포함한 뇌혈관 약물이상반응(뇌졸중, 일과성 허혈발작 등)이 높은 빈도로 나타남."
651900390.0,"비정형 항정신병약을 투여받은 노인 치매 환자의 사망률이 위약에 비해 증가. 노인 치매 환자에 대한 위약 대조 시험에서 사망을 포함한 뇌혈관 약물이상반응(뇌졸중, 일과성 허혈발작 등)이 높은 빈도로 나타남."
657200240.0,"비정형 항정신병약을 투여받은 노인 치매 환자의 사망률이 위약에 비해 증가. 노인 치매 환자에 대한 위약 대조 시험에서 사망을 포함한 뇌혈관 약물이상반응(뇌졸중, 일과성 허혈발작 등)이 높은 빈도로 나타남."
653000630.0,"비정형 항정신병약을 투여받은 노인 치매 환자의 사망률이 위약에 비해 증가. 노인 치매 환자에 대한 위약 대조 시험에서 사망을 포함한 뇌혈관 약물이상반응(뇌졸중, 일과성 허혈발작 등)이 높은 빈도로 나타남."
646902470.0,"비정형 항정신병약을 투여받은 노인 치매 환자의 사망률이 위약에 비해 증가. 노인 치매 환자에 대한 위약 대조 시험에서 사망을 포함한 뇌혈관 약물이상반응(뇌졸중, 일과성 허혈발작 등)이 높은 빈도로 나타남."
698004430.0,"비정형 항정신병약을 투여받은 노인 치매 환자의 사망률이 위약에 비해 증가. 노인 치매 환자에 대한 위약 대조 시험에서 사망을 포함한 뇌혈관 약물이상반응(뇌졸중, 일과성 허혈발작 등)이 높은 빈도로 나타남."
649806950.0,"비정형 항정신병약을 투여받은 노인 치매 환자의 사망률이 위약에 비해 증가. 노인 치매 환자에 대한 위약 대조 시험에서 사망을 포함한 뇌혈관 약물이상반응(뇌졸중, 일과성 허혈발작 등)이 높은 빈도로 나타남."
661904380.0,"비정형 항정신병약을 투여받은 노인 치매 환자의 사망률이 위약에 비해 증가. 노인 치매 환자에 대한 위약 대조 시험에서 사망을 포함한 뇌혈관 약물이상반응(뇌졸중, 일과성 허혈발작 등)이 높은 빈도로 나타남."
645400270.0,"비정형 항정신병약을 투여받은 노인 치매 환자의 사망률이 위약에 비해 증가. 노인 치매 환자에 대한 위약 대조 시험에서 사망을 포함한 뇌혈관 약물이상반응(뇌졸중, 일과성 허혈발작 등)이 높은 빈도로 나타남."
653404610.0,"비정형 항정신병약을 투여받은 노인 치매 환자의 사망률이 위약에 비해 증가. 노인 치매 환자에 대한 위약 대조 시험에서 사망을 포함한 뇌혈관 약물이상반응(뇌졸중, 일과성 허혈발작 등)이 높은 빈도로 나타남."
655400770.0,"노인에서의 삼환계 항우울제 사용은 기립성 저혈압, 비틀거림, 항콜린 부작용(인지기능 저하, 섬망 악화, 구갈, 배뇨곤란, 변비 등)이 나타나기 쉬우므로 사용을 추천하지 않으며, 반드시 필요한 경우에만 저용량으로 시작함. 항콜린성 작용이 있는 약제와의 병용으로 인해 항콜린 부작용(인지기능 저하, 섬망 악화, 구갈, 배뇨곤란, 변비 등)이 증가하므로 동시 사용을 추천하지 않음"
655400780.0,"노인에서의 삼환계 항우울제 사용은 기립성 저혈압, 비틀거림, 항콜린 부작용(인지기능 저하, 섬망 악화, 구갈, 배뇨곤란, 변비 등)이 나타나기 쉬우므로 사용을 추천하지 않으며, 반드시 필요한 경우에만 저용량으로 시작함. 항콜린성 작용이 있는 약제와의 병용으로 인해 항콜린 부작용(인지기능 저하, 섬망 악화, 구갈, 배뇨곤란, 변비 등)이 증가하므로 동시 사용을 추천하지 않음"
698004530.0,"비정형 항정신병약을 투여받은 노인 치매 환자의 사망률이 위약에 비해 증가. 노인 치매 환자에 대한 위약 대조 시험에서 사망을 포함한 뇌혈관 약물이상반응(뇌졸중, 일과성 허혈발작 등)이 높은 빈도로 나타남."
627600050.0,"비정형 항정신병약을 투여받은 노인 치매 환자의 사망률이 위약에 비해 증가. 노인 치매 환자에 대한 위약 대조 시험에서 사망을 포함한 뇌혈관 약물이상반응(뇌졸중, 일과성 허혈발작 등)이 높은 빈도로 나타남."
657200220.0,"비정형 항정신병약을 투여받은 노인 치매 환자의 사망률이 위약에 비해 증가. 노인 치매 환자에 대한 위약 대조 시험에서 사망을 포함한 뇌혈관 약물이상반응(뇌졸중, 일과성 허혈발작 등)이 높은 빈도로 나타남."
651900370.0,"비정형 항정신병약을 투여받은 노인 치매 환자의 사망률이 위약에 비해 증가. 노인 치매 환자에 대한 위약 대조 시험에서 사망을 포함한 뇌혈관 약물이상반응(뇌졸중, 일과성 허혈발작 등)이 높은 빈도로 나타남."
653006180.0,"비정형 항정신병약을 투여받은 노인 치매 환자의 사망률이 위약에 비해 증가. 노인 치매 환자에 대한 위약 대조 시험에서 사망을 포함한 뇌혈관 약물이상반응(뇌졸중, 일과성 허혈발작 등)이 높은 빈도로 나타남."
645306940.0,"비정형 항정신병약을 투여받은 노인 치매 환자의 사망률이 위약에 비해 증가. 노인 치매 환자에 대한 위약 대조 시험에서 사망을 포함한 뇌혈관 약물이상반응(뇌졸중, 일과성 허혈발작 등)이 높은 빈도로 나타남."
646902490.0,"비정형 항정신병약을 투여받은 노인 치매 환자의 사망률이 위약에 비해 증가. 노인 치매 환자에 대한 위약 대조 시험에서 사망을 포함한 뇌혈관 약물이상반응(뇌졸중, 일과성 허혈발작 등)이 높은 빈도로 나타남."
653404590.0,"비정형 항정신병약을 투여받은 노인 치매 환자의 사망률이 위약에 비해 증가. 노인 치매 환자에 대한 위약 대조 시험에서 사망을 포함한 뇌혈관 약물이상반응(뇌졸중, 일과성 허혈발작 등)이 높은 빈도로 나타남."
651901280.0,"치매 고령환자에게 비정형 항정신병약물 투여시 뇌혈관 질환, 사망의 위험 증가, 고령자에 투여시 추체외로 증상 등의 부작용 발현에 주의해야 함 "
642400260.0,"치매 고령환자에게 비정형 항정신병약물 투여시 뇌혈관 질환, 사망의 위험 증가, 고령자에 투여시 추체외로 증상 등의 부작용이 나타나기 쉬움"
642707360.0,"다른 항정신병약과 같이 이 약을 장기간 투여 후 지연성운동이상 일으킬 위험이 있음. 지연성운동이상증의 발생률은 고령자, 특히 여성 고령자에서 높은 것으로 보임. 비정형성 항정신병 약제들을 메타 분석한 결과, 치매 관련 정신병을 가진 노인 환자에서 위약보다 사망 위험성 증가."
694002920.0,"다른 항정신병약과 같이 이 약을 장기간 투여 후 지연성운동이상 일으킬 위험이 있음. 지연성운동이상증의 발생률은 고령자, 특히 여성 고령자에서 높은 것으로 보임. 비정형성 항정신병 약제들을 메타 분석한 결과, 치매 관련 정신병을 가진 노인 환자에서 위약보다 사망 위험성 증가."
649002370.0,"다른 항정신병약과 같이 이 약을 장기간 투여 후 지연성운동이상 일으킬 위험이 있음. 지연성운동이상증의 발생률은 고령자, 특히 여성 고령자에서 높은 것으로 보임. 비정형성 항정신병 약제들을 메타 분석한 결과, 치매 관련 정신병을 가진 노인 환자에서 위약보다 사망 위험성 증가."
657807290.0,"다른 항정신병약과 같이 이 약을 장기간 투여 후 지연성운동이상 일으킬 위험이 있음. 지연성운동이상증의 발생률은 고령자, 특히 여성 고령자에서 높은 것으로 보임. 비정형성 항정신병 약제들을 메타 분석한 결과, 치매 관련 정신병을 가진 노인 환자에서 위약보다 사망 위험성 증가."
628901650.0,"다른 항정신병약과 같이 이 약을 장기간 투여 후 지연성운동이상 일으킬 위험이 있음. 지연성운동이상증의 발생률은 고령자, 특히 여성 고령자에서 높은 것으로 보임. 비정형성 항정신병 약제들을 메타 분석한 결과, 치매 관련 정신병을 가진 노인 환자에서 위약보다 사망 위험성 증가."
658502290.0,"다른 항정신병약과 같이 이 약을 장기간 투여 후 지연성운동이상 일으킬 위험이 있음. 지연성운동이상증의 발생률은 고령자, 특히 여성 고령자에서 높은 것으로 보임. 비정형성 항정신병 약제들을 메타 분석한 결과, 치매 관련 정신병을 가진 노인 환자에서 위약보다 사망 위험성 증가."
674401850.0,"다른 항정신병약과 같이 이 약을 장기간 투여 후 지연성운동이상 일으킬 위험이 있음. 지연성운동이상증의 발생률은 고령자, 특히 여성 고령자에서 높은 것으로 보임. 비정형성 항정신병 약제들을 메타 분석한 결과, 치매 관련 정신병을 가진 노인 환자에서 위약보다 사망 위험성 증가."
679801870.0,"다른 항정신병약과 같이 이 약을 장기간 투여 후 지연성운동이상 일으킬 위험이 있음. 지연성운동이상증의 발생률은 고령자, 특히 여성 고령자에서 높은 것으로 보임. 비정형성 항정신병 약제들을 메타 분석한 결과, 치매 관련 정신병을 가진 노인 환자에서 위약보다 사망 위험성 증가."
646004700.0,"다른 항정신병약과 같이 이 약을 장기간 투여 후 지연성운동이상 일으킬 위험이 있음. 지연성운동이상증의 발생률은 고령자, 특히 여성 고령자에서 높은 것으로 보임. 비정형성 항정신병 약제들을 메타 분석한 결과, 치매 관련 정신병을 가진 노인 환자에서 위약보다 사망 위험성 증가."
649104030.0,"다른 항정신병약과 같이 이 약을 장기간 투여 후 지연성운동이상 일으킬 위험이 있음. 지연성운동이상증의 발생률은 고령자, 특히 여성 고령자에서 높은 것으로 보임. 비정형성 항정신병 약제들을 메타 분석한 결과, 치매 관련 정신병을 가진 노인 환자에서 위약보다 사망 위험성 증가."
661905080.0,"다른 항정신병약과 같이 이 약을 장기간 투여 후 지연성운동이상 일으킬 위험이 있음. 지연성운동이상증의 발생률은 고령자, 특히 여성 고령자에서 높은 것으로 보임. 비정형성 항정신병 약제들을 메타 분석한 결과, 치매 관련 정신병을 가진 노인 환자에서 위약보다 사망 위험성 증가."
642307030.0,"다른 항정신병약과 같이 이 약을 장기간 투여 후 지연성운동이상 일으킬 위험이 있음. 지연성운동이상증의 발생률은 고령자, 특히 여성 고령자에서 높은 것으로 보임. 비정형성 항정신병 약제들을 메타 분석한 결과, 치매 관련 정신병을 가진 노인 환자에서 위약보다 사망 위험성 증가."
678601010.0,"다른 항정신병약과 같이 이 약을 장기간 투여 후 지연성운동이상 일으킬 위험이 있음. 지연성운동이상증의 발생률은 고령자, 특히 여성 고령자에서 높은 것으로 보임. 비정형성 항정신병 약제들을 메타 분석한 결과, 치매 관련 정신병을 가진 노인 환자에서 위약보다 사망 위험성 증가."
649507590.0,"다른 항정신병약과 같이 이 약을 장기간 투여 후 지연성운동이상 일으킬 위험이 있음. 지연성운동이상증의 발생률은 고령자, 특히 여성 고령자에서 높은 것으로 보임. 비정형성 항정신병 약제들을 메타 분석한 결과, 치매 관련 정신병을 가진 노인 환자에서 위약보다 사망 위험성 증가."
651602450.0,"다른 항정신병약과 같이 이 약을 장기간 투여 후 지연성운동이상 일으킬 위험이 있음. 지연성운동이상증의 발생률은 고령자, 특히 여성 고령자에서 높은 것으로 보임. 비정형성 항정신병 약제들을 메타 분석한 결과, 치매 관련 정신병을 가진 노인 환자에서 위약보다 사망 위험성 증가."
698003080.0,"다른 항정신병약과 같이 이 약을 장기간 투여 후 지연성운동이상 일으킬 위험이 있음. 지연성운동이상증의 발생률은 고령자, 특히 여성 고령자에서 높은 것으로 보임. 비정형성 항정신병 약제들을 메타 분석한 결과, 치매 관련 정신병을 가진 노인 환자에서 위약보다 사망 위험성 증가."
653004370.0,"다른 항정신병약과 같이 이 약을 장기간 투여 후 지연성운동이상 일으킬 위험이 있음. 지연성운동이상증의 발생률은 고령자, 특히 여성 고령자에서 높은 것으로 보임. 비정형성 항정신병 약제들을 메타 분석한 결과, 치매 관련 정신병을 가진 노인 환자에서 위약보다 사망 위험성 증가."
652606720.0,"다른 항정신병약과 같이 이 약을 장기간 투여 후 지연성운동이상 일으킬 위험이 있음. 지연성운동이상증의 발생률은 고령자, 특히 여성 고령자에서 높은 것으로 보임. 비정형성 항정신병 약제들을 메타 분석한 결과, 치매 관련 정신병을 가진 노인 환자에서 위약보다 사망 위험성 증가."
657201180.0,"다른 항정신병약과 같이 이 약을 장기간 투여 후 지연성운동이상 일으킬 위험이 있음. 지연성운동이상증의 발생률은 고령자, 특히 여성 고령자에서 높은 것으로 보임. 비정형성 항정신병 약제들을 메타 분석한 결과, 치매 관련 정신병을 가진 노인 환자에서 위약보다 사망 위험성 증가."
645303330.0,"다른 항정신병약과 같이 이 약을 장기간 투여 후 지연성운동이상 일으킬 위험이 있음. 지연성운동이상증의 발생률은 고령자, 특히 여성 고령자에서 높은 것으로 보임. 비정형성 항정신병 약제들을 메타 분석한 결과, 치매 관련 정신병을 가진 노인 환자에서 위약보다 사망 위험성 증가."
642902670.0,"다른 항정신병약과 같이 이 약을 장기간 투여 후 지연성운동이상 일으킬 위험이 있음. 지연성운동이상증의 발생률은 고령자, 특히 여성 고령자에서 높은 것으로 보임. 비정형성 항정신병 약제들을 메타 분석한 결과, 치매 관련 정신병을 가진 노인 환자에서 위약보다 사망 위험성 증가."
642003950.0,"다른 항정신병약과 같이 이 약을 장기간 투여 후 지연성운동이상 일으킬 위험이 있음. 지연성운동이상증의 발생률은 고령자, 특히 여성 고령자에서 높은 것으로 보임. 비정형성 항정신병 약제들을 메타 분석한 결과, 치매 관련 정신병을 가진 노인 환자에서 위약보다 사망 위험성 증가."
642402070.0,"다른 항정신병약과 같이 이 약을 장기간 투여 후 지연성운동이상 일으킬 위험이 있음. 지연성운동이상증의 발생률은 고령자, 특히 여성 고령자에서 높은 것으로 보임. 비정형성 항정신병 약제들을 메타 분석한 결과, 치매 관련 정신병을 가진 노인 환자에서 위약보다 사망 위험성 증가."
651903270.0,"다른 항정신병약과 같이 이 약을 장기간 투여 후 지연성운동이상 일으킬 위험이 있음. 지연성운동이상증의 발생률은 고령자, 특히 여성 고령자에서 높은 것으로 보임. 비정형성 항정신병 약제들을 메타 분석한 결과, 치매 관련 정신병을 가진 노인 환자에서 위약보다 사망 위험성 증가."
649804210.0,"다른 항정신병약과 같이 이 약을 장기간 투여 후 지연성운동이상 일으킬 위험이 있음. 지연성운동이상증의 발생률은 고령자, 특히 여성 고령자에서 높은 것으로 보임. 비정형성 항정신병 약제들을 메타 분석한 결과, 치매 관련 정신병을 가진 노인 환자에서 위약보다 사망 위험성 증가."
643504510.0,"다른 항정신병약과 같이 이 약을 장기간 투여 후 지연성운동이상 일으킬 위험이 있음. 지연성운동이상증의 발생률은 고령자, 특히 여성 고령자에서 높은 것으로 보임. 비정형성 항정신병 약제들을 메타 분석한 결과, 치매 관련 정신병을 가진 노인 환자에서 위약보다 사망 위험성 증가."
643802950.0,"다른 항정신병약과 같이 이 약을 장기간 투여 후 지연성운동이상 일으킬 위험이 있음. 지연성운동이상증의 발생률은 고령자, 특히 여성 고령자에서 높은 것으로 보임. 비정형성 항정신병 약제들을 메타 분석한 결과, 치매 관련 정신병을 가진 노인 환자에서 위약보다 사망 위험성 증가."
660702930.0,"다른 항정신병약과 같이 이 약을 장기간 투여 후 지연성운동이상 일으킬 위험이 있음. 지연성운동이상증의 발생률은 고령자, 특히 여성 고령자에서 높은 것으로 보임. 비정형성 항정신병 약제들을 메타 분석한 결과, 치매 관련 정신병을 가진 노인 환자에서 위약보다 사망 위험성 증가."
690301220.0,"다른 항정신병약과 같이 이 약을 장기간 투여 후 지연성운동이상 일으킬 위험이 있음. 지연성운동이상증의 발생률은 고령자, 특히 여성 고령자에서 높은 것으로 보임. 비정형성 항정신병 약제들을 메타 분석한 결과, 치매 관련 정신병을 가진 노인 환자에서 위약보다 사망 위험성 증가."
694002910.0,"다른 항정신병약과 같이 이 약을 장기간 투여 후 지연성운동이상 일으킬 위험이 있음. 지연성운동이상증의 발생률은 고령자, 특히 여성 고령자에서 높은 것으로 보임. 비정형성 항정신병 약제들을 메타 분석한 결과, 치매 관련 정신병을 가진 노인 환자에서 위약보다 사망 위험성 증가."
649002360.0,"다른 항정신병약과 같이 이 약을 장기간 투여 후 지연성운동이상 일으킬 위험이 있음. 지연성운동이상증의 발생률은 고령자, 특히 여성 고령자에서 높은 것으로 보임. 비정형성 항정신병 약제들을 메타 분석한 결과, 치매 관련 정신병을 가진 노인 환자에서 위약보다 사망 위험성 증가."
657807320.0,"다른 항정신병약과 같이 이 약을 장기간 투여 후 지연성운동이상 일으킬 위험이 있음. 지연성운동이상증의 발생률은 고령자, 특히 여성 고령자에서 높은 것으로 보임. 비정형성 항정신병 약제들을 메타 분석한 결과, 치매 관련 정신병을 가진 노인 환자에서 위약보다 사망 위험성 증가."
628901680.0,"다른 항정신병약과 같이 이 약을 장기간 투여 후 지연성운동이상 일으킬 위험이 있음. 지연성운동이상증의 발생률은 고령자, 특히 여성 고령자에서 높은 것으로 보임. 비정형성 항정신병 약제들을 메타 분석한 결과, 치매 관련 정신병을 가진 노인 환자에서 위약보다 사망 위험성 증가."
646004710.0,"다른 항정신병약과 같이 이 약을 장기간 투여 후 지연성운동이상 일으킬 위험이 있음. 지연성운동이상증의 발생률은 고령자, 특히 여성 고령자에서 높은 것으로 보임. 비정형성 항정신병 약제들을 메타 분석한 결과, 치매 관련 정신병을 가진 노인 환자에서 위약보다 사망 위험성 증가."
661905090.0,"다른 항정신병약과 같이 이 약을 장기간 투여 후 지연성운동이상 일으킬 위험이 있음. 지연성운동이상증의 발생률은 고령자, 특히 여성 고령자에서 높은 것으로 보임. 비정형성 항정신병 약제들을 메타 분석한 결과, 치매 관련 정신병을 가진 노인 환자에서 위약보다 사망 위험성 증가."
678601030.0,"다른 항정신병약과 같이 이 약을 장기간 투여 후 지연성운동이상 일으킬 위험이 있음. 지연성운동이상증의 발생률은 고령자, 특히 여성 고령자에서 높은 것으로 보임. 비정형성 항정신병 약제들을 메타 분석한 결과, 치매 관련 정신병을 가진 노인 환자에서 위약보다 사망 위험성 증가."
698003100.0,"다른 항정신병약과 같이 이 약을 장기간 투여 후 지연성운동이상 일으킬 위험이 있음. 지연성운동이상증의 발생률은 고령자, 특히 여성 고령자에서 높은 것으로 보임. 비정형성 항정신병 약제들을 메타 분석한 결과, 치매 관련 정신병을 가진 노인 환자에서 위약보다 사망 위험성 증가."
649507600.0,"다른 항정신병약과 같이 이 약을 장기간 투여 후 지연성운동이상 일으킬 위험이 있음. 지연성운동이상증의 발생률은 고령자, 특히 여성 고령자에서 높은 것으로 보임. 비정형성 항정신병 약제들을 메타 분석한 결과, 치매 관련 정신병을 가진 노인 환자에서 위약보다 사망 위험성 증가."
643504640.0,"다른 항정신병약과 같이 이 약을 장기간 투여 후 지연성운동이상 일으킬 위험이 있음. 지연성운동이상증의 발생률은 고령자, 특히 여성 고령자에서 높은 것으로 보임. 비정형성 항정신병 약제들을 메타 분석한 결과, 치매 관련 정신병을 가진 노인 환자에서 위약보다 사망 위험성 증가."
652606730.0,"다른 항정신병약과 같이 이 약을 장기간 투여 후 지연성운동이상 일으킬 위험이 있음. 지연성운동이상증의 발생률은 고령자, 특히 여성 고령자에서 높은 것으로 보임. 비정형성 항정신병 약제들을 메타 분석한 결과, 치매 관련 정신병을 가진 노인 환자에서 위약보다 사망 위험성 증가."
653004360.0,"다른 항정신병약과 같이 이 약을 장기간 투여 후 지연성운동이상 일으킬 위험이 있음. 지연성운동이상증의 발생률은 고령자, 특히 여성 고령자에서 높은 것으로 보임. 비정형성 항정신병 약제들을 메타 분석한 결과, 치매 관련 정신병을 가진 노인 환자에서 위약보다 사망 위험성 증가."
651602440.0,"다른 항정신병약과 같이 이 약을 장기간 투여 후 지연성운동이상 일으킬 위험이 있음. 지연성운동이상증의 발생률은 고령자, 특히 여성 고령자에서 높은 것으로 보임. 비정형성 항정신병 약제들을 메타 분석한 결과, 치매 관련 정신병을 가진 노인 환자에서 위약보다 사망 위험성 증가."
642902890.0,"다른 항정신병약과 같이 이 약을 장기간 투여 후 지연성운동이상 일으킬 위험이 있음. 지연성운동이상증의 발생률은 고령자, 특히 여성 고령자에서 높은 것으로 보임. 비정형성 항정신병 약제들을 메타 분석한 결과, 치매 관련 정신병을 가진 노인 환자에서 위약보다 사망 위험성 증가."
645301550.0,"다른 항정신병약과 같이 이 약을 장기간 투여 후 지연성운동이상 일으킬 위험이 있음. 지연성운동이상증의 발생률은 고령자, 특히 여성 고령자에서 높은 것으로 보임. 비정형성 항정신병 약제들을 메타 분석한 결과, 치매 관련 정신병을 가진 노인 환자에서 위약보다 사망 위험성 증가."
642003920.0,"다른 항정신병약과 같이 이 약을 장기간 투여 후 지연성운동이상 일으킬 위험이 있음. 지연성운동이상증의 발생률은 고령자, 특히 여성 고령자에서 높은 것으로 보임. 비정형성 항정신병 약제들을 메타 분석한 결과, 치매 관련 정신병을 가진 노인 환자에서 위약보다 사망 위험성 증가."
657201130.0,"다른 항정신병약과 같이 이 약을 장기간 투여 후 지연성운동이상 일으킬 위험이 있음. 지연성운동이상증의 발생률은 고령자, 특히 여성 고령자에서 높은 것으로 보임. 비정형성 항정신병 약제들을 메타 분석한 결과, 치매 관련 정신병을 가진 노인 환자에서 위약보다 사망 위험성 증가."
642401380.0,"다른 항정신병약과 같이 이 약을 장기간 투여 후 지연성운동이상 일으킬 위험이 있음. 지연성운동이상증의 발생률은 고령자, 특히 여성 고령자에서 높은 것으로 보임. 비정형성 항정신병 약제들을 메타 분석한 결과, 치매 관련 정신병을 가진 노인 환자에서 위약보다 사망 위험성 증가."
651901980.0,"다른 항정신병약과 같이 이 약을 장기간 투여 후 지연성운동이상 일으킬 위험이 있음. 지연성운동이상증의 발생률은 고령자, 특히 여성 고령자에서 높은 것으로 보임. 비정형성 항정신병 약제들을 메타 분석한 결과, 치매 관련 정신병을 가진 노인 환자에서 위약보다 사망 위험성 증가."
643802960.0,"다른 항정신병약과 같이 이 약을 장기간 투여 후 지연성운동이상 일으킬 위험이 있음. 지연성운동이상증의 발생률은 고령자, 특히 여성 고령자에서 높은 것으로 보임. 비정형성 항정신병 약제들을 메타 분석한 결과, 치매 관련 정신병을 가진 노인 환자에서 위약보다 사망 위험성 증가."
642707340.0,"다른 항정신병약과 같이 이 약을 장기간 투여 후 지연성운동이상 일으킬 위험이 있음. 지연성운동이상증의 발생률은 고령자, 특히 여성 고령자에서 높은 것으로 보임. 비정형성 항정신병 약제들을 메타 분석한 결과, 치매 관련 정신병을 가진 노인 환자에서 위약보다 사망 위험성 증가."
660702920.0,"다른 항정신병약과 같이 이 약을 장기간 투여 후 지연성운동이상 일으킬 위험이 있음. 지연성운동이상증의 발생률은 고령자, 특히 여성 고령자에서 높은 것으로 보임. 비정형성 항정신병 약제들을 메타 분석한 결과, 치매 관련 정신병을 가진 노인 환자에서 위약보다 사망 위험성 증가."
649801490.0,"다른 항정신병약과 같이 이 약을 장기간 투여 후 지연성운동이상 일으킬 위험이 있음. 지연성운동이상증의 발생률은 고령자, 특히 여성 고령자에서 높은 것으로 보임. 비정형성 항정신병 약제들을 메타 분석한 결과, 치매 관련 정신병을 가진 노인 환자에서 위약보다 사망 위험성 증가."
642707350.0,"다른 항정신병약과 같이 이 약을 장기간 투여 후 지연성운동이상 일으킬 위험이 있음. 지연성운동이상증의 발생률은 고령자, 특히 여성 고령자에서 높은 것으로 보임. 비정형성 항정신병 약제들을 메타 분석한 결과, 치매 관련 정신병을 가진 노인 환자에서 위약보다 사망 위험성 증가."
73001070.0,"다른 항정신병약과 같이 이 약을 장기간 투여 후 지연성운동이상 일으킬 위험이 있음. 지연성운동이상증의 발생률은 고령자, 특히 여성 고령자에서 높은 것으로 보임. 비정형성 항정신병 약제들을 메타 분석한 결과, 치매 관련 정신병을 가진 노인 환자에서 위약보다 사망 위험성 증가."
694002890.0,"다른 항정신병약과 같이 이 약을 장기간 투여 후 지연성운동이상 일으킬 위험이 있음. 지연성운동이상증의 발생률은 고령자, 특히 여성 고령자에서 높은 것으로 보임. 비정형성 항정신병 약제들을 메타 분석한 결과, 치매 관련 정신병을 가진 노인 환자에서 위약보다 사망 위험성 증가."
649002350.0,"다른 항정신병약과 같이 이 약을 장기간 투여 후 지연성운동이상 일으킬 위험이 있음. 지연성운동이상증의 발생률은 고령자, 특히 여성 고령자에서 높은 것으로 보임. 비정형성 항정신병 약제들을 메타 분석한 결과, 치매 관련 정신병을 가진 노인 환자에서 위약보다 사망 위험성 증가."
657807310.0,"다른 항정신병약과 같이 이 약을 장기간 투여 후 지연성운동이상 일으킬 위험이 있음. 지연성운동이상증의 발생률은 고령자, 특히 여성 고령자에서 높은 것으로 보임. 비정형성 항정신병 약제들을 메타 분석한 결과, 치매 관련 정신병을 가진 노인 환자에서 위약보다 사망 위험성 증가."
628901660.0,"다른 항정신병약과 같이 이 약을 장기간 투여 후 지연성운동이상 일으킬 위험이 있음. 지연성운동이상증의 발생률은 고령자, 특히 여성 고령자에서 높은 것으로 보임. 비정형성 항정신병 약제들을 메타 분석한 결과, 치매 관련 정신병을 가진 노인 환자에서 위약보다 사망 위험성 증가."
678601550.0,"다른 항정신병약과 같이 이 약을 장기간 투여 후 지연성운동이상 일으킬 위험이 있음. 지연성운동이상증의 발생률은 고령자, 특히 여성 고령자에서 높은 것으로 보임. 비정형성 항정신병 약제들을 메타 분석한 결과, 치매 관련 정신병을 가진 노인 환자에서 위약보다 사망 위험성 증가."
661905110.0,"다른 항정신병약과 같이 이 약을 장기간 투여 후 지연성운동이상 일으킬 위험이 있음. 지연성운동이상증의 발생률은 고령자, 특히 여성 고령자에서 높은 것으로 보임. 비정형성 항정신병 약제들을 메타 분석한 결과, 치매 관련 정신병을 가진 노인 환자에서 위약보다 사망 위험성 증가."
649804200.0,"다른 항정신병약과 같이 이 약을 장기간 투여 후 지연성운동이상 일으킬 위험이 있음. 지연성운동이상증의 발생률은 고령자, 특히 여성 고령자에서 높은 것으로 보임. 비정형성 항정신병 약제들을 메타 분석한 결과, 치매 관련 정신병을 가진 노인 환자에서 위약보다 사망 위험성 증가."
698003090.0,"다른 항정신병약과 같이 이 약을 장기간 투여 후 지연성운동이상 일으킬 위험이 있음. 지연성운동이상증의 발생률은 고령자, 특히 여성 고령자에서 높은 것으로 보임. 비정형성 항정신병 약제들을 메타 분석한 결과, 치매 관련 정신병을 가진 노인 환자에서 위약보다 사망 위험성 증가."
652606740.0,"다른 항정신병약과 같이 이 약을 장기간 투여 후 지연성운동이상 일으킬 위험이 있음. 지연성운동이상증의 발생률은 고령자, 특히 여성 고령자에서 높은 것으로 보임. 비정형성 항정신병 약제들을 메타 분석한 결과, 치매 관련 정신병을 가진 노인 환자에서 위약보다 사망 위험성 증가."
642902900.0,"다른 항정신병약과 같이 이 약을 장기간 투여 후 지연성운동이상 일으킬 위험이 있음. 지연성운동이상증의 발생률은 고령자, 특히 여성 고령자에서 높은 것으로 보임. 비정형성 항정신병 약제들을 메타 분석한 결과, 치매 관련 정신병을 가진 노인 환자에서 위약보다 사망 위험성 증가."
645303320.0,"다른 항정신병약과 같이 이 약을 장기간 투여 후 지연성운동이상 일으킬 위험이 있음. 지연성운동이상증의 발생률은 고령자, 특히 여성 고령자에서 높은 것으로 보임. 비정형성 항정신병 약제들을 메타 분석한 결과, 치매 관련 정신병을 가진 노인 환자에서 위약보다 사망 위험성 증가."
657201170.0,"다른 항정신병약과 같이 이 약을 장기간 투여 후 지연성운동이상 일으킬 위험이 있음. 지연성운동이상증의 발생률은 고령자, 특히 여성 고령자에서 높은 것으로 보임. 비정형성 항정신병 약제들을 메타 분석한 결과, 치매 관련 정신병을 가진 노인 환자에서 위약보다 사망 위험성 증가."
653004380.0,"다른 항정신병약과 같이 이 약을 장기간 투여 후 지연성운동이상 일으킬 위험이 있음. 지연성운동이상증의 발생률은 고령자, 특히 여성 고령자에서 높은 것으로 보임. 비정형성 항정신병 약제들을 메타 분석한 결과, 치매 관련 정신병을 가진 노인 환자에서 위약보다 사망 위험성 증가."
642003900.0,"다른 항정신병약과 같이 이 약을 장기간 투여 후 지연성운동이상 일으킬 위험이 있음. 지연성운동이상증의 발생률은 고령자, 특히 여성 고령자에서 높은 것으로 보임. 비정형성 항정신병 약제들을 메타 분석한 결과, 치매 관련 정신병을 가진 노인 환자에서 위약보다 사망 위험성 증가."
642402100.0,"다른 항정신병약과 같이 이 약을 장기간 투여 후 지연성운동이상 일으킬 위험이 있음. 지연성운동이상증의 발생률은 고령자, 특히 여성 고령자에서 높은 것으로 보임. 비정형성 항정신병 약제들을 메타 분석한 결과, 치매 관련 정신병을 가진 노인 환자에서 위약보다 사망 위험성 증가."
651903300.0,"다른 항정신병약과 같이 이 약을 장기간 투여 후 지연성운동이상 일으킬 위험이 있음. 지연성운동이상증의 발생률은 고령자, 특히 여성 고령자에서 높은 것으로 보임. 비정형성 항정신병 약제들을 메타 분석한 결과, 치매 관련 정신병을 가진 노인 환자에서 위약보다 사망 위험성 증가."
643504520.0,"다른 항정신병약과 같이 이 약을 장기간 투여 후 지연성운동이상 일으킬 위험이 있음. 지연성운동이상증의 발생률은 고령자, 특히 여성 고령자에서 높은 것으로 보임. 비정형성 항정신병 약제들을 메타 분석한 결과, 치매 관련 정신병을 가진 노인 환자에서 위약보다 사망 위험성 증가."
643802970.0,"다른 항정신병약과 같이 이 약을 장기간 투여 후 지연성운동이상 일으킬 위험이 있음. 지연성운동이상증의 발생률은 고령자, 특히 여성 고령자에서 높은 것으로 보임. 비정형성 항정신병 약제들을 메타 분석한 결과, 치매 관련 정신병을 가진 노인 환자에서 위약보다 사망 위험성 증가."
642707330.0,"다른 항정신병약과 같이 이 약을 장기간 투여 후 지연성운동이상 일으킬 위험이 있음. 지연성운동이상증의 발생률은 고령자, 특히 여성 고령자에서 높은 것으로 보임. 비정형성 항정신병 약제들을 메타 분석한 결과, 치매 관련 정신병을 가진 노인 환자에서 위약보다 사망 위험성 증가."
73001100.0,"다른 항정신병약과 같이 이 약을 장기간 투여 후 지연성운동이상 일으킬 위험이 있음. 지연성운동이상증의 발생률은 고령자, 특히 여성 고령자에서 높은 것으로 보임. 비정형성 항정신병 약제들을 메타 분석한 결과, 치매 관련 정신병을 가진 노인 환자에서 위약보다 사망 위험성 증가."
694002900.0,"다른 항정신병약과 같이 이 약을 장기간 투여 후 지연성운동이상 일으킬 위험이 있음. 지연성운동이상증의 발생률은 고령자, 특히 여성 고령자에서 높은 것으로 보임. 비정형성 항정신병 약제들을 메타 분석한 결과, 치매 관련 정신병을 가진 노인 환자에서 위약보다 사망 위험성 증가."
649002340.0,"다른 항정신병약과 같이 이 약을 장기간 투여 후 지연성운동이상 일으킬 위험이 있음. 지연성운동이상증의 발생률은 고령자, 특히 여성 고령자에서 높은 것으로 보임. 비정형성 항정신병 약제들을 메타 분석한 결과, 치매 관련 정신병을 가진 노인 환자에서 위약보다 사망 위험성 증가."
657807300.0,"다른 항정신병약과 같이 이 약을 장기간 투여 후 지연성운동이상 일으킬 위험이 있음. 지연성운동이상증의 발생률은 고령자, 특히 여성 고령자에서 높은 것으로 보임. 비정형성 항정신병 약제들을 메타 분석한 결과, 치매 관련 정신병을 가진 노인 환자에서 위약보다 사망 위험성 증가."
628901670.0,"다른 항정신병약과 같이 이 약을 장기간 투여 후 지연성운동이상 일으킬 위험이 있음. 지연성운동이상증의 발생률은 고령자, 특히 여성 고령자에서 높은 것으로 보임. 비정형성 항정신병 약제들을 메타 분석한 결과, 치매 관련 정신병을 가진 노인 환자에서 위약보다 사망 위험성 증가."
649804230.0,"다른 항정신병약과 같이 이 약을 장기간 투여 후 지연성운동이상 일으킬 위험이 있음. 지연성운동이상증의 발생률은 고령자, 특히 여성 고령자에서 높은 것으로 보임. 비정형성 항정신병 약제들을 메타 분석한 결과, 치매 관련 정신병을 가진 노인 환자에서 위약보다 사망 위험성 증가."
652606760.0,"다른 항정신병약과 같이 이 약을 장기간 투여 후 지연성운동이상 일으킬 위험이 있음. 지연성운동이상증의 발생률은 고령자, 특히 여성 고령자에서 높은 것으로 보임. 비정형성 항정신병 약제들을 메타 분석한 결과, 치매 관련 정신병을 가진 노인 환자에서 위약보다 사망 위험성 증가."
698003110.0,"다른 항정신병약과 같이 이 약을 장기간 투여 후 지연성운동이상 일으킬 위험이 있음. 지연성운동이상증의 발생률은 고령자, 특히 여성 고령자에서 높은 것으로 보임. 비정형성 항정신병 약제들을 메타 분석한 결과, 치매 관련 정신병을 가진 노인 환자에서 위약보다 사망 위험성 증가."
653004390.0,"다른 항정신병약과 같이 이 약을 장기간 투여 후 지연성운동이상 일으킬 위험이 있음. 지연성운동이상증의 발생률은 고령자, 특히 여성 고령자에서 높은 것으로 보임. 비정형성 항정신병 약제들을 메타 분석한 결과, 치매 관련 정신병을 가진 노인 환자에서 위약보다 사망 위험성 증가."
645303480.0,"다른 항정신병약과 같이 이 약을 장기간 투여 후 지연성운동이상 일으킬 위험이 있음. 지연성운동이상증의 발생률은 고령자, 특히 여성 고령자에서 높은 것으로 보임. 비정형성 항정신병 약제들을 메타 분석한 결과, 치매 관련 정신병을 가진 노인 환자에서 위약보다 사망 위험성 증가."
642003910.0,"다른 항정신병약과 같이 이 약을 장기간 투여 후 지연성운동이상 일으킬 위험이 있음. 지연성운동이상증의 발생률은 고령자, 특히 여성 고령자에서 높은 것으로 보임. 비정형성 항정신병 약제들을 메타 분석한 결과, 치매 관련 정신병을 가진 노인 환자에서 위약보다 사망 위험성 증가."
657201260.0,"다른 항정신병약과 같이 이 약을 장기간 투여 후 지연성운동이상 일으킬 위험이 있음. 지연성운동이상증의 발생률은 고령자, 특히 여성 고령자에서 높은 것으로 보임. 비정형성 항정신병 약제들을 메타 분석한 결과, 치매 관련 정신병을 가진 노인 환자에서 위약보다 사망 위험성 증가."
642402110.0,"다른 항정신병약과 같이 이 약을 장기간 투여 후 지연성운동이상 일으킬 위험이 있음. 지연성운동이상증의 발생률은 고령자, 특히 여성 고령자에서 높은 것으로 보임. 비정형성 항정신병 약제들을 메타 분석한 결과, 치매 관련 정신병을 가진 노인 환자에서 위약보다 사망 위험성 증가."
651903330.0,"다른 항정신병약과 같이 이 약을 장기간 투여 후 지연성운동이상 일으킬 위험이 있음. 지연성운동이상증의 발생률은 고령자, 특히 여성 고령자에서 높은 것으로 보임. 비정형성 항정신병 약제들을 메타 분석한 결과, 치매 관련 정신병을 가진 노인 환자에서 위약보다 사망 위험성 증가."
645305790.0,"다른 항정신병약과 같이 이 약을 장기간 투여 후 지연성운동이상 일으킬 위험이 있음. 지연성운동이상증의 발생률은 고령자, 특히 여성 고령자에서 높은 것으로 보임. 비정형성 항정신병 약제들을 메타 분석한 결과, 치매 관련 정신병을 가진 노인 환자에서 위약보다 사망 위험성 증가."
652606800.0,"다른 항정신병약과 같이 이 약을 장기간 투여 후 지연성운동이상 일으킬 위험이 있음. 지연성운동이상증의 발생률은 고령자, 특히 여성 고령자에서 높은 것으로 보임. 비정형성 항정신병 약제들을 메타 분석한 결과, 치매 관련 정신병을 가진 노인 환자에서 위약보다 사망 위험성 증가."
653005730.0,"다른 항정신병약과 같이 이 약을 장기간 투여 후 지연성운동이상 일으킬 위험이 있음. 지연성운동이상증의 발생률은 고령자, 특히 여성 고령자에서 높은 것으로 보임. 비정형성 항정신병 약제들을 메타 분석한 결과, 치매 관련 정신병을 가진 노인 환자에서 위약보다 사망 위험성 증가."
657202840.0,"다른 항정신병약과 같이 이 약을 장기간 투여 후 지연성운동이상 일으킬 위험이 있음. 지연성운동이상증의 발생률은 고령자, 특히 여성 고령자에서 높은 것으로 보임. 비정형성 항정신병 약제들을 메타 분석한 결과, 치매 관련 정신병을 가진 노인 환자에서 위약보다 사망 위험성 증가."
651904270.0,"다른 항정신병약과 같이 이 약을 장기간 투여 후 지연성운동이상 일으킬 위험이 있음. 지연성운동이상증의 발생률은 고령자, 특히 여성 고령자에서 높은 것으로 보임. 비정형성 항정신병 약제들을 메타 분석한 결과, 치매 관련 정신병을 가진 노인 환자에서 위약보다 사망 위험성 증가."
645305800.0,"다른 항정신병약과 같이 이 약을 장기간 투여 후 지연성운동이상 일으킬 위험이 있음. 지연성운동이상증의 발생률은 고령자, 특히 여성 고령자에서 높은 것으로 보임. 비정형성 항정신병 약제들을 메타 분석한 결과, 치매 관련 정신병을 가진 노인 환자에서 위약보다 사망 위험성 증가."
652606770.0,"다른 항정신병약과 같이 이 약을 장기간 투여 후 지연성운동이상 일으킬 위험이 있음. 지연성운동이상증의 발생률은 고령자, 특히 여성 고령자에서 높은 것으로 보임. 비정형성 항정신병 약제들을 메타 분석한 결과, 치매 관련 정신병을 가진 노인 환자에서 위약보다 사망 위험성 증가."
653005740.0,"다른 항정신병약과 같이 이 약을 장기간 투여 후 지연성운동이상 일으킬 위험이 있음. 지연성운동이상증의 발생률은 고령자, 특히 여성 고령자에서 높은 것으로 보임. 비정형성 항정신병 약제들을 메타 분석한 결과, 치매 관련 정신병을 가진 노인 환자에서 위약보다 사망 위험성 증가."
657202860.0,"다른 항정신병약과 같이 이 약을 장기간 투여 후 지연성운동이상 일으킬 위험이 있음. 지연성운동이상증의 발생률은 고령자, 특히 여성 고령자에서 높은 것으로 보임. 비정형성 항정신병 약제들을 메타 분석한 결과, 치매 관련 정신병을 가진 노인 환자에서 위약보다 사망 위험성 증가."
651904290.0,"다른 항정신병약과 같이 이 약을 장기간 투여 후 지연성운동이상 일으킬 위험이 있음. 지연성운동이상증의 발생률은 고령자, 특히 여성 고령자에서 높은 것으로 보임. 비정형성 항정신병 약제들을 메타 분석한 결과, 치매 관련 정신병을 가진 노인 환자에서 위약보다 사망 위험성 증가."
652606790.0,"다른 항정신병약과 같이 이 약을 장기간 투여 후 지연성운동이상 일으킬 위험이 있음. 지연성운동이상증의 발생률은 고령자, 특히 여성 고령자에서 높은 것으로 보임. 비정형성 항정신병 약제들을 메타 분석한 결과, 치매 관련 정신병을 가진 노인 환자에서 위약보다 사망 위험성 증가."
653005760.0,"다른 항정신병약과 같이 이 약을 장기간 투여 후 지연성운동이상 일으킬 위험이 있음. 지연성운동이상증의 발생률은 고령자, 특히 여성 고령자에서 높은 것으로 보임. 비정형성 항정신병 약제들을 메타 분석한 결과, 치매 관련 정신병을 가진 노인 환자에서 위약보다 사망 위험성 증가."
645305770.0,"다른 항정신병약과 같이 이 약을 장기간 투여 후 지연성운동이상 일으킬 위험이 있음. 지연성운동이상증의 발생률은 고령자, 특히 여성 고령자에서 높은 것으로 보임. 비정형성 항정신병 약제들을 메타 분석한 결과, 치매 관련 정신병을 가진 노인 환자에서 위약보다 사망 위험성 증가."
657202870.0,"다른 항정신병약과 같이 이 약을 장기간 투여 후 지연성운동이상 일으킬 위험이 있음. 지연성운동이상증의 발생률은 고령자, 특히 여성 고령자에서 높은 것으로 보임. 비정형성 항정신병 약제들을 메타 분석한 결과, 치매 관련 정신병을 가진 노인 환자에서 위약보다 사망 위험성 증가."
651904300.0,"다른 항정신병약과 같이 이 약을 장기간 투여 후 지연성운동이상 일으킬 위험이 있음. 지연성운동이상증의 발생률은 고령자, 특히 여성 고령자에서 높은 것으로 보임. 비정형성 항정신병 약제들을 메타 분석한 결과, 치매 관련 정신병을 가진 노인 환자에서 위약보다 사망 위험성 증가."
645305780.0,"다른 항정신병약과 같이 이 약을 장기간 투여 후 지연성운동이상 일으킬 위험이 있음. 지연성운동이상증의 발생률은 고령자, 특히 여성 고령자에서 높은 것으로 보임. 비정형성 항정신병 약제들을 메타 분석한 결과, 치매 관련 정신병을 가진 노인 환자에서 위약보다 사망 위험성 증가."
652606810.0,"다른 항정신병약과 같이 이 약을 장기간 투여 후 지연성운동이상 일으킬 위험이 있음. 지연성운동이상증의 발생률은 고령자, 특히 여성 고령자에서 높은 것으로 보임. 비정형성 항정신병 약제들을 메타 분석한 결과, 치매 관련 정신병을 가진 노인 환자에서 위약보다 사망 위험성 증가."
657202880.0,"다른 항정신병약과 같이 이 약을 장기간 투여 후 지연성운동이상 일으킬 위험이 있음. 지연성운동이상증의 발생률은 고령자, 특히 여성 고령자에서 높은 것으로 보임. 비정형성 항정신병 약제들을 메타 분석한 결과, 치매 관련 정신병을 가진 노인 환자에서 위약보다 사망 위험성 증가."
653005770.0,"다른 항정신병약과 같이 이 약을 장기간 투여 후 지연성운동이상 일으킬 위험이 있음. 지연성운동이상증의 발생률은 고령자, 특히 여성 고령자에서 높은 것으로 보임. 비정형성 항정신병 약제들을 메타 분석한 결과, 치매 관련 정신병을 가진 노인 환자에서 위약보다 사망 위험성 증가."
651904310.0,"다른 항정신병약과 같이 이 약을 장기간 투여 후 지연성운동이상 일으킬 위험이 있음. 지연성운동이상증의 발생률은 고령자, 특히 여성 고령자에서 높은 것으로 보임. 비정형성 항정신병 약제들을 메타 분석한 결과, 치매 관련 정신병을 가진 노인 환자에서 위약보다 사망 위험성 증가."
652606750.0,"다른 항정신병약과 같이 이 약을 장기간 투여 후 지연성운동이상 일으킬 위험이 있음. 지연성운동이상증의 발생률은 고령자, 특히 여성 고령자에서 높은 것으로 보임. 비정형성 항정신병 약제들을 메타 분석한 결과, 치매 관련 정신병을 가진 노인 환자에서 위약보다 사망 위험성 증가."
645305810.0,"다른 항정신병약과 같이 이 약을 장기간 투여 후 지연성운동이상 일으킬 위험이 있음. 지연성운동이상증의 발생률은 고령자, 특히 여성 고령자에서 높은 것으로 보임. 비정형성 항정신병 약제들을 메타 분석한 결과, 치매 관련 정신병을 가진 노인 환자에서 위약보다 사망 위험성 증가."
653005750.0,"다른 항정신병약과 같이 이 약을 장기간 투여 후 지연성운동이상 일으킬 위험이 있음. 지연성운동이상증의 발생률은 고령자, 특히 여성 고령자에서 높은 것으로 보임. 비정형성 항정신병 약제들을 메타 분석한 결과, 치매 관련 정신병을 가진 노인 환자에서 위약보다 사망 위험성 증가."
657202850.0,"다른 항정신병약과 같이 이 약을 장기간 투여 후 지연성운동이상 일으킬 위험이 있음. 지연성운동이상증의 발생률은 고령자, 특히 여성 고령자에서 높은 것으로 보임. 비정형성 항정신병 약제들을 메타 분석한 결과, 치매 관련 정신병을 가진 노인 환자에서 위약보다 사망 위험성 증가."
651904280.0,"다른 항정신병약과 같이 이 약을 장기간 투여 후 지연성운동이상 일으킬 위험이 있음. 지연성운동이상증의 발생률은 고령자, 특히 여성 고령자에서 높은 것으로 보임. 비정형성 항정신병 약제들을 메타 분석한 결과, 치매 관련 정신병을 가진 노인 환자에서 위약보다 사망 위험성 증가."
649504440.0,"고령자에 투여시 저혈압이나 진정의 위험 야기, 치매 고령환자에게 항정신병약물 투여시 뇌혈관질환(뇌졸중), 사망의 위험 증가, 고령자 신중투여"
652100610.0,"고령자에 투여시 저혈압이나 진정의 위험 야기, 치매 고령환자에게 항정신병약물 투여시 뇌혈관질환(뇌졸중), 사망의 위험 증가, 고령자 신중투여"
653005650.0,"고령자에 투여시 저혈압이나 진정의 위험 야기, 치매 고령환자에게 항정신병약물 투여시 뇌혈관질환(뇌졸중), 사망의 위험 증가, 고령자 신중투여"
651903620.0,"고령자에 투여시 저혈압이나 진정의 위험 야기, 치매 고령환자에게 항정신병약물 투여시 뇌혈관질환(뇌졸중), 사망의 위험 증가, 고령자 신중투여"
652100590.0,"고령자에 투여시 저혈압이나 진정의 위험 야기, 치매 고령환자에게 항정신병약물 투여시 뇌혈관질환(뇌졸중), 사망의 위험 증가, 고령자 신중투여"
649506050.0,"고령자에 투여시 저혈압이나 진정의 위험 야기, 치매 고령환자에게 항정신병약물 투여시 뇌혈관질환(뇌졸중), 사망의 위험 증가, 고령자 신중투여"
653005640.0,"고령자에 투여시 저혈압이나 진정의 위험 야기, 치매 고령환자에게 항정신병약물 투여시 뇌혈관질환(뇌졸중), 사망의 위험 증가, 고령자 신중투여"
651903810.0,"고령자에 투여시 저혈압이나 진정의 위험 야기, 치매 고령환자에게 항정신병약물 투여시 뇌혈관질환(뇌졸중), 사망의 위험 증가, 고령자 신중투여"
652100600.0,"고령자에 투여시 저혈압이나 진정의 위험 야기, 치매 고령환자에게 항정신병약물 투여시 뇌혈관질환(뇌졸중), 사망의 위험 증가, 고령자 신중투여"
651903820.0,"고령자에 투여시 저혈압이나 진정의 위험 야기, 치매 고령환자에게 항정신병약물 투여시 뇌혈관질환(뇌졸중), 사망의 위험 증가, 고령자 신중투여"
657801331.0,"항콜린 부작용(인지기능 저하, 섬망 악화, 구갈, 배뇨곤란, 변비 등)이 나타나기 쉽고, 효과가 불확실하므로 노인에서의 사용을 추천하지 않음. 항콜린성 작용이 있는 약제와의 병용으로 인해 항콜린 부작용이 증가하므로 동시 사용을 추천하지 않음"
642203791.0,"항콜린 부작용(인지기능 저하, 섬망 악화, 구갈, 배뇨곤란, 변비 등)이 나타나기 쉽고, 효과가 불확실하므로 노인에서의 사용을 추천하지 않음. 항콜린성 작용이 있는 약제와의 병용으로 인해 항콜린 부작용이 증가하므로 동시 사용을 추천하지 않음"
642203781.0,"항콜린 부작용(인지기능 저하, 섬망 악화, 구갈, 배뇨곤란, 변비 등)이 나타나기 쉽고, 효과가 불확실하므로 노인에서의 사용을 추천하지 않음. 항콜린성 작용이 있는 약제와의 병용으로 인해 항콜린 부작용이 증가하므로 동시 사용을 추천하지 않음"
642800250.0,"노인에서의 장기지속형 벤조다이아제핀 사용은 인지기능 저하, 섬망, 낙상, 골절 및 교통사고의 위험으로 사용을 추천하지 않으며, 단시간 작용 벤조다이아제핀 사용을 추천함"
73400090.0,치매와 관련된 정신병을 가진 노인들에게 일부 항정신병 약물을 투여했을 때 위약 투여시보다 사망과 뇌혈관 이상반응의 위험성이 증가된 것으로 보고됨.
73400120.0,치매와 관련된 정신병을 가진 노인들에게 일부 항정신병 약물을 투여했을 때 위약 투여시보다 사망과 뇌혈관 이상반응의 위험성이 증가된 것으로 보고됨.
73400100.0,치매와 관련된 정신병을 가진 노인들에게 일부 항정신병 약물을 투여했을 때 위약 투여시보다 사망과 뇌혈관 이상반응의 위험성이 증가된 것으로 보고됨.
73400110.0,치매와 관련된 정신병을 가진 노인들에게 일부 항정신병 약물을 투여했을 때 위약 투여시보다 사망과 뇌혈관 이상반응의 위험성이 증가된 것으로 보고됨.
642403550.0,항콜린성 작용이 있는 약제와의 병용으로 인해 항콜린 부작용이 증가하므로 동시 사용을 추천하지 않음
670701220.0,항콜린성 작용이 있는 약제와의 병용으로 인해 항콜린 부작용이 증가하므로 동시 사용을 추천하지 않음
653005110.0,항콜린성 작용이 있는 약제와의 병용으로 인해 항콜린 부작용이 증가하므로 동시 사용을 추천하지 않음
52700390.0,항콜린성 작용이 있는 약제와의 병용으로 인해 항콜린 부작용이 증가하므로 동시 사용을 추천하지 않음
644800580.0,"항콜린 부작용(인지기능 저하, 섬망 악화, 구갈, 배뇨곤란, 변비 등)이 나타나기 쉬우므로 노인에서의 사용을 추천하지 않음. 항콜린성 작용이 있는 약제와의 병용으로 인해 항콜린 부작용이 증가하므로 동시 사용을 추천하지 않음"
642201272.0,"항콜린 부작용(인지기능 저하, 섬망 악화, 구갈, 배뇨곤란, 변비 등)이 나타나기 쉬우므로 노인에서의 사용을 추천하지 않음. 항콜린성 작용이 있는 약제와의 병용으로 인해 항콜린 부작용이 증가하므로 동시 사용을 추천하지 않음"
670603013.0,"항콜린 부작용(인지기능 저하, 섬망 악화, 구갈, 배뇨곤란, 변비 등)이 나타나기 쉬우므로 노인에서의 사용을 추천하지 않음. 항콜린성 작용이 있는 약제와의 병용으로 인해 항콜린 부작용이 증가하므로 동시 사용을 추천하지 않음"
648103381.0,"항콜린 부작용(인지기능 저하, 섬망 악화, 구갈, 배뇨곤란, 변비 등)이 나타나기 쉬우므로 노인에서의 사용을 추천하지 않음. 항콜린성 작용이 있는 약제와의 병용으로 인해 항콜린 부작용이 증가하므로 동시 사용을 추천하지 않음"
642102581.0,"항콜린 부작용(인지기능 저하, 섬망 악화, 구갈, 배뇨곤란, 변비 등)이 나타나기 쉬우므로 노인에서의 사용을 추천하지 않음. 항콜린성 작용이 있는 약제와의 병용으로 인해 항콜린 부작용이 증가하므로 동시 사용을 추천하지 않음"
650500351.0,"항콜린 부작용(인지기능 저하, 섬망 악화, 구갈, 배뇨곤란, 변비 등)이 나타나기 쉬우므로 노인에서의 사용을 추천하지 않음. 항콜린성 작용이 있는 약제와의 병용으로 인해 항콜린 부작용이 증가하므로 동시 사용을 추천하지 않음"
651900720.0,"노인에서의 삼환계 항우울제 사용은 기립성 저혈압, 비틀거림, 항콜린 부작용(인지기능 저하, 섬망 악화, 구갈, 배뇨곤란, 변비 등)이 나타나기 쉬우므로 사용을 추천하지 않으며, 반드시 필요한 경우에만 저용량으로 시작함. 항콜린성 작용이 있는 약제와의 병용으로 인해 항콜린 부작용(인지기능 저하, 섬망 악화, 구갈, 배뇨곤란, 변비 등)이 증가하므로 동시 사용을 추천하지 않음"
642702510.0,"노인에서의 삼환계 항우울제 사용은 기립성 저혈압, 비틀거림, 항콜린 부작용(인지기능 저하, 섬망 악화, 구갈, 배뇨곤란, 변비 등)이 나타나기 쉬우므로 사용을 추천하지 않으며, 반드시 필요한 경우에만 저용량으로 시작함. 항콜린성 작용이 있는 약제와의 병용으로 인해 항콜린 부작용(인지기능 저하, 섬망 악화, 구갈, 배뇨곤란, 변비 등)이 증가하므로 동시 사용을 추천하지 않음"
657200500.0,"노인에서의 삼환계 항우울제 사용은 기립성 저혈압, 비틀거림, 항콜린 부작용(인지기능 저하, 섬망 악화, 구갈, 배뇨곤란, 변비 등)이 나타나기 쉬우므로 사용을 추천하지 않으며, 반드시 필요한 경우에만 저용량으로 시작함. 항콜린성 작용이 있는 약제와의 병용으로 인해 항콜린 부작용(인지기능 저하, 섬망 악화, 구갈, 배뇨곤란, 변비 등)이 증가하므로 동시 사용을 추천하지 않음"
642702520.0,"노인에서의 삼환계 항우울제 사용은 기립성 저혈압, 비틀거림, 항콜린 부작용(인지기능 저하, 섬망 악화, 구갈, 배뇨곤란, 변비 등)이 나타나기 쉬우므로 사용을 추천하지 않으며, 반드시 필요한 경우에만 저용량으로 시작함. 항콜린성 작용이 있는 약제와의 병용으로 인해 항콜린 부작용(인지기능 저하, 섬망 악화, 구갈, 배뇨곤란, 변비 등)이 증가하므로 동시 사용을 추천하지 않음"
657202640.0,"노인에서의 삼환계 항우울제 사용은 기립성 저혈압, 비틀거림, 항콜린 부작용(인지기능 저하, 섬망 악화, 구갈, 배뇨곤란, 변비 등)이 나타나기 쉬우므로 사용을 추천하지 않으며, 반드시 필요한 경우에만 저용량으로 시작함. 항콜린성 작용이 있는 약제와의 병용으로 인해 항콜린 부작용(인지기능 저하, 섬망 악화, 구갈, 배뇨곤란, 변비 등)이 증가하므로 동시 사용을 추천하지 않음"
657200210.0,"노인에서의 장기지속형 벤조다이아제핀 사용은 인지기능 저하, 섬망, 낙상, 골절 및 교통사고의 위험으로 사용을 추천하지 않으며, 단시간 작용 벤조다이아제핀 사용을 추천함"
657200200.0,"노인에서의 장기지속형 벤조다이아제핀 사용은 인지기능 저하, 섬망, 낙상, 골절 및 교통사고의 위험으로 사용을 추천하지 않으며, 단시간 작용 벤조다이아제핀 사용을 추천함"
651900760.0,"노인에서의 정형 항정신병약물 사용은 추체외로 증상, 항콜린성 부작용 등이 나타나기 쉬우므로 사용을 추천하지 않으며, 비정형 항정신병약물 사용을 추천함. 항콜린성 작용이 있는 약제와의 병용으로 인해 항콜린 부작용(인지기능 저하, 섬망 악화, 구갈, 배뇨곤란, 변비 등)이 증가하므로 동시 사용을 추천하지 않음"
657200020.0,"노인에서의 정형 항정신병약물 사용은 추체외로 증상, 항콜린성 부작용 등이 나타나기 쉬우므로 사용을 추천하지 않으며, 비정형 항정신병약물 사용을 추천함. 항콜린성 작용이 있는 약제와의 병용으로 인해 항콜린 부작용(인지기능 저하, 섬망 악화, 구갈, 배뇨곤란, 변비 등)이 증가하므로 동시 사용을 추천하지 않음"
651900770.0,"노인에서의 정형 항정신병약물 사용은 추체외로 증상, 항콜린성 부작용 등이 나타나기 쉬우므로 사용을 추천하지 않으며, 비정형 항정신병약물 사용을 추천함. 항콜린성 작용이 있는 약제와의 병용으로 인해 항콜린 부작용(인지기능 저하, 섬망 악화, 구갈, 배뇨곤란, 변비 등)이 증가하므로 동시 사용을 추천하지 않음"
651900780.0,"노인에서의 정형 항정신병약물 사용은 추체외로 증상, 항콜린성 부작용 등이 나타나기 쉬우므로 사용을 추천하지 않으며, 비정형 항정신병약물 사용을 추천함. 항콜린성 작용이 있는 약제와의 병용으로 인해 항콜린 부작용(인지기능 저하, 섬망 악화, 구갈, 배뇨곤란, 변비 등)이 증가하므로 동시 사용을 추천하지 않음"
651900060.0,"노인에서의 삼환계 항우울제 사용은 기립성 저혈압, 비틀거림, 항콜린 부작용(인지기능 저하, 섬망 악화, 구갈, 배뇨곤란, 변비 등)이 나타나기 쉬우므로 사용을 추천하지 않으며, 반드시 필요한 경우에만 저용량으로 시작함. 항콜린성 작용이 있는 약제와의 병용으로 인해 항콜린 부작용(인지기능 저하, 섬망 악화, 구갈, 배뇨곤란, 변비 등)이 증가하므로 동시 사용을 추천하지 않음"
651900070.0,"노인에서의 삼환계 항우울제 사용은 기립성 저혈압, 비틀거림, 항콜린 부작용(인지기능 저하, 섬망 악화, 구갈, 배뇨곤란, 변비 등)이 나타나기 쉬우므로 사용을 추천하지 않으며, 반드시 필요한 경우에만 저용량으로 시작함. 항콜린성 작용이 있는 약제와의 병용으로 인해 항콜린 부작용(인지기능 저하, 섬망 악화, 구갈, 배뇨곤란, 변비 등)이 증가하므로 동시 사용을 추천하지 않음"
657201060.0,"노인에서의 삼환계 항우울제 사용은 기립성 저혈압, 비틀거림, 항콜린 부작용(인지기능 저하, 섬망 악화, 구갈, 배뇨곤란, 변비 등)이 나타나기 쉬우므로 사용을 추천하지 않으며, 반드시 필요한 경우에만 저용량으로 시작함. 항콜린성 작용이 있는 약제와의 병용으로 인해 항콜린 부작용(인지기능 저하, 섬망 악화, 구갈, 배뇨곤란, 변비 등)이 증가하므로 동시 사용을 추천하지 않음"
657203420.0,비정형 항정신병 약물을 복용하고 있는 치매 연관 정신질환 동반 고령 환자에서 이 약은 위약대비 사망 위험 증가.
642706230.0,비정형 항정신병 약물을 복용하고 있는 치매 연관 정신질환 동반 고령 환자에서 이 약은 위약대비 사망 위험 증가.
644801160.0,"항콜린 부작용(인지기능 저하, 섬망 악화, 구갈, 배뇨곤란, 변비 등)이 나타나기 쉬우므로 노인에서의 사용을 추천하지 않음. 항콜린성 작용이 있는 약제와의 병용으로 인해 항콜린 부작용이 증가하므로 동시 사용을 추천하지 않음"
651900750.0,"노인에서의 삼환계 항우울제 사용은 기립성 저혈압, 비틀거림, 항콜린 부작용(인지기능 저하, 섬망 악화, 구갈, 배뇨곤란, 변비 등)이 나타나기 쉬우므로 사용을 추천하지 않으며, 반드시 필요한 경우에만 저용량으로 시작함. 항콜린성 작용이 있는 약제와의 병용으로 인해 항콜린 부작용(인지기능 저하, 섬망 악화, 구갈, 배뇨곤란, 변비 등)이 증가하므로 동시 사용을 추천하지 않음"
657201050.0,"노인에서의 삼환계 항우울제 사용은 기립성 저혈압, 비틀거림, 항콜린 부작용(인지기능 저하, 섬망 악화, 구갈, 배뇨곤란, 변비 등)이 나타나기 쉬우므로 사용을 추천하지 않으며, 반드시 필요한 경우에만 저용량으로 시작함. 항콜린성 작용이 있는 약제와의 병용으로 인해 항콜린 부작용(인지기능 저하, 섬망 악화, 구갈, 배뇨곤란, 변비 등)이 증가하므로 동시 사용을 추천하지 않음"
651902180.0,"노인에서의 정형 항정신병약물 사용은 추체외로 증상, 항콜린성 부작용 등이 나타나기 쉬우므로 사용을 추천하지 않으며, 비정형 항정신병약물 사용을 추천함"
651902190.0,"노인에서의 정형 항정신병약물 사용은 추체외로 증상, 항콜린성 부작용 등이 나타나기 쉬우므로 사용을 추천하지 않으며, 비정형 항정신병약물 사용을 추천함"
651902200.0,"노인에서의 정형 항정신병약물 사용은 추체외로 증상, 항콜린성 부작용 등이 나타나기 쉬우므로 사용을 추천하지 않으며, 비정형 항정신병약물 사용을 추천함"
644802680.0,항콜린성 작용이 있는 약제와의 병용으로 인해 항콜린 부작용이 증가하므로 동시 사용을 추천하지 않음
654100091.0,"항콜린 부작용(인지기능 저하, 섬망 악화, 구갈, 배뇨곤란, 변비 등)이 나타나기 쉬우므로 노인에서의 사용을 추천하지 않음. 항콜린성 작용이 있는 약제와의 병용으로 인해 항콜린 부작용이 증가하므로 동시 사용을 추천하지 않음"
645702771.0,"항콜린 부작용(인지기능 저하, 섬망 악화, 구갈, 배뇨곤란, 변비 등)이 나타나기 쉬우므로 노인에서의 사용을 추천하지 않음. 항콜린성 작용이 있는 약제와의 병용으로 인해 항콜린 부작용이 증가하므로 동시 사용을 추천하지 않음"
651602761.0,"항콜린 부작용(인지기능 저하, 섬망 악화, 구갈, 배뇨곤란, 변비 등)이 나타나기 쉬우므로 노인에서의 사용을 추천하지 않음. 항콜린성 작용이 있는 약제와의 병용으로 인해 항콜린 부작용이 증가하므로 동시 사용을 추천하지 않음"
646901561.0,항정신병 약물을 투여 받은 치매 관련 정신병이 있는 고령자에서 사망률 증가.
646901571.0,항정신병 약물을 투여 받은 치매 관련 정신병이 있는 고령자에서 사망률 증가.
646901581.0,항정신병 약물을 투여 받은 치매 관련 정신병이 있는 고령자에서 사망률 증가.
646901591.0,항정신병 약물을 투여 받은 치매 관련 정신병이 있는 고령자에서 사망률 증가.
646901601.0,항정신병 약물을 투여 받은 치매 관련 정신병이 있는 고령자에서 사망률 증가.
642706630.0,비정형 항정신병 약물을 복용하고 있는 치매 연관 정신질환 동반 고령 환자에서 이 약은 위약대비 사망 위험 증가.
642706610.0,비정형 항정신병 약물을 복용하고 있는 치매 연관 정신질환 동반 고령 환자에서 이 약은 위약대비 사망 위험 증가.
651905220.0,"항정신병약으로 치료받는 환자에서 잠재적으로 비가역적, 비자발적인, 이상운동 증후군이 발생할 수 있으며, 이 증후군은 고령자, 특히 여성 고령자에서 가장 많이 발생함. 비정형 정신병치료제를 복용하는 치매성 노인 정신질환 환자의 사망 위험성은 위약과 비교 시 증가. 이 약을 투여한 환자(평균연령:84세, 범위:78~88세)에서 사망례를 포함한 뇌혈관계 이상반응(예:뇌졸중, 일과성허혈발작)의 증가."
642405110.0,"항정신병약으로 치료받는 환자에서 잠재적으로 비가역적, 비자발적인, 이상운동 증후군이 발생할 수 있으며, 이 증후군은 고령자, 특히 여성 고령자에서 가장 많이 발생함. 비정형 정신병치료제를 복용하는 치매성 노인 정신질환 환자의 사망 위험성은 위약과 비교 시 증가. 이 약을 투여한 환자(평균연령:84세, 범위:78~88세)에서 사망례를 포함한 뇌혈관계 이상반응(예:뇌졸중, 일과성허혈발작)의 증가."
649900540.0,"항정신병약으로 치료받는 환자에서 잠재적으로 비가역적, 비자발적인, 이상운동 증후군이 발생할 수 있으며, 이 증후군은 고령자, 특히 여성 고령자에서 가장 많이 발생함. 비정형 정신병치료제를 복용하는 치매성 노인 정신질환 환자의 사망 위험성은 위약과 비교 시 증가. 이 약을 투여한 환자(평균연령:84세, 범위:78~88세)에서 사망례를 포함한 뇌혈관계 이상반응(예:뇌졸중, 일과성허혈발작)의 증가."
657203970.0,"항정신병약으로 치료받는 환자에서 잠재적으로 비가역적, 비자발적인, 이상운동 증후군이 발생할 수 있으며, 이 증후군은 고령자, 특히 여성 고령자에서 가장 많이 발생함. 비정형 정신병치료제를 복용하는 치매성 노인 정신질환 환자의 사망 위험성은 위약과 비교 시 증가. 이 약을 투여한 환자(평균연령:84세, 범위:78~88세)에서 사망례를 포함한 뇌혈관계 이상반응(예:뇌졸중, 일과성허혈발작)의 증가."
642005170.0,"항정신병약으로 치료받는 환자에서 잠재적으로 비가역적, 비자발적인, 이상운동 증후군이 발생할 수 있으며, 이 증후군은 고령자, 특히 여성 고령자에서 가장 많이 발생함. 비정형 정신병치료제를 복용하는 치매성 노인 정신질환 환자의 사망 위험성은 위약과 비교 시 증가. 이 약을 투여한 환자(평균연령:84세, 범위:78~88세)에서 사망례를 포함한 뇌혈관계 이상반응(예:뇌졸중, 일과성허혈발작)의 증가."
653006880.0,"항정신병약으로 치료받는 환자에서 잠재적으로 비가역적, 비자발적인, 이상운동 증후군이 발생할 수 있으며, 이 증후군은 고령자, 특히 여성 고령자에서 가장 많이 발생함. 비정형 정신병치료제를 복용하는 치매성 노인 정신질환 환자의 사망 위험성은 위약과 비교 시 증가. 이 약을 투여한 환자(평균연령:84세, 범위:78~88세)에서 사망례를 포함한 뇌혈관계 이상반응(예:뇌졸중, 일과성허혈발작)의 증가."
646902671.0,항정신병 약물을 투여 받은 치매 관련 정신병이 있는 고령자에서 사망률 증가.
646902681.0,항정신병 약물을 투여 받은 치매 관련 정신병이 있는 고령자에서 사망률 증가.
,
